nrg_bal,siec,unit,geo\time	2009 	2010 	2011 	2012 	2013 	2014 	2015 	2016 	2017 	2018 	2019 	2020 
FC_TRA_ROAD_E,E7000,KTOE,AL	0.000 	0.000 	0.000 	0.000 	0.000 	0.000 	0.000 	0.000 	0.000 	0.000 	0.314 	0.370 
FC_TRA_ROAD_E,E7000,KTOE,AT	1.264 	1.302 	1.299 	1.283 	1.272 	1.233 	1.219 	1.207 	1.236 	1.262 	1.227 	1.163 
FC_TRA_ROAD_E,E7000,KTOE,BA	: 	: 	: 	: 	: 	0.000 	0.000 	0.000 	0.000 	0.000 	0.000 	0.000 
FC_TRA_ROAD_E,E7000,KTOE,BE	0.009 	0.009 	0.060 	0.232 	0.344 	0.645 	1.083 	2.382 	3.904 	5.873 	8.745 	11.505 
FC_TRA_ROAD_E,E7000,KTOE,BG	6.707 	6.621 	7.223 	3.439 	4.557 	7.395 	4.643 	4.729 	4.530 	3.069 	3.066 	3.123 
FC_TRA_ROAD_E,E7000,KTOE,CY	0.000 	0.000 	0.000 	0.000 	0.000 	0.000 	0.000 	0.000 	0.000 	0.000 	0.000 	0.000 
FC_TRA_ROAD_E,E7000,KTOE,CZ	5.933 	6.277 	5.933 	5.933 	5.761 	5.589 	5.675 	5.933 	5.751 	5.835 	5.935 	6.114 
FC_TRA_ROAD_E,E7000,KTOE,DE	1.548 	1.634 	1.978 	2.494 	3.439 	4.643 	6.793 	9.286 	13.500 	19.518 	28.891 	38.263 
FC_TRA_ROAD_E,E7000,KTOE,DK	0.000 	0.000 	0.000 	0.000 	0.000 	0.000 	0.000 	2.603 	2.767 	3.145 	4.329 	8.215 
FC_TRA_ROAD_E,E7000,KTOE,EA19	15.289 	20.142 	22.513 	25.067 	35.773 	41.563 	63.180 	65.661 	85.521 	115.991 	159.383 	206.865 
FC_TRA_ROAD_E,E7000,KTOE,EE	2.064 	1.978 	1.892 	1.892 	1.806 	1.548 	1.462 	1.462 	1.376 	1.462 	1.462 	1.236 
FC_TRA_ROAD_E,E7000,KTOE,EL	0.000 	0.000 	0.000 	0.000 	1.892 	2.064 	2.150 	1.978 	2.086 	2.012 	1.764 	1.675 
FC_TRA_ROAD_E,E7000,KTOE,ES	0.000 	0.000 	0.000 	0.000 	1.892 	2.064 	2.580 	3.439 	4.987 	9.802 	13.328 	17.369 
FC_TRA_ROAD_E,E7000,KTOE,EU27_2020	29.993 	35.018 	41.516 	41.490 	53.142 	61.598 	80.635 	86.321 	106.192 	136.409 	204.643 	282.328 
FC_TRA_ROAD_E,E7000,KTOE,FI	0.000 	0.000 	0.000 	0.000 	0.086 	0.258 	0.430 	0.860 	1.892 	3.955 	6.191 	10.834 
FC_TRA_ROAD_E,E7000,KTOE,FR	0.000 	0.000 	2.304 	3.212 	4.921 	6.937 	9.450 	12.644 	16.547 	20.759 	28.161 	36.482 
FC_TRA_ROAD_E,E7000,KTOE,GE	: 	: 	: 	: 	0.000 	0.000 	0.000 	0.000 	0.000 	0.000 	0.000 	0.000 
FC_TRA_ROAD_E,E7000,KTOE,HR	0.000 	0.000 	0.000 	0.000 	0.000 	0.000 	0.000 	0.000 	0.000 	0.086 	0.138 	0.241 
FC_TRA_ROAD_E,E7000,KTOE,HU	0.000 	0.000 	0.000 	0.000 	1.548 	1.462 	1.634 	2.064 	2.064 	2.494 	3.697 	5.245 
FC_TRA_ROAD_E,E7000,KTOE,IE	0.000 	0.000 	0.018 	0.042 	0.056 	0.112 	0.241 	0.379 	0.640 	1.065 	2.331 	3.460 
FC_TRA_ROAD_E,E7000,KTOE,IS	0.000 	0.000 	0.000 	0.000 	0.000 	0.093 	0.238 	0.472 	1.070 	1.508 	1.939 	2.444 
FC_TRA_ROAD_E,E7000,KTOE,IT	0.000 	5.245 	4.987 	5.073 	5.675 	5.847 	6.105 	5.933 	7.132 	8.514 	11.742 	16.372 
FC_TRA_ROAD_E,E7000,KTOE,LT	3.783 	3.353 	3.267 	3.525 	3.439 	3.009 	3.009 	3.095 	3.130 	3.156 	3.216 	3.482 
FC_TRA_ROAD_E,E7000,KTOE,LU	0.000 	0.000 	0.001 	0.005 	0.031 	0.047 	0.061 	0.111 	0.157 	0.269 	0.733 	1.481 
FC_TRA_ROAD_E,E7000,KTOE,LV	5.933 	5.761 	5.589 	5.589 	5.589 	4.901 	2.236 	2.322 	2.372 	2.448 	2.294 	2.337 
FC_TRA_ROAD_E,E7000,KTOE,MD	: 	0.000 	0.000 	0.000 	0.000 	0.000 	0.000 	0.000 	0.000 	0.000 	0.000 	0.000 
FC_TRA_ROAD_E,E7000,KTOE,ME	0.000 	0.000 	0.000 	0.000 	0.000 	0.000 	0.000 	0.000 	0.000 	0.000 	0.000 	0.000 
FC_TRA_ROAD_E,E7000,KTOE,MK	0.000 	0.000 	0.000 	0.000 	0.000 	0.000 	0.000 	0.000 	0.000 	0.000 	0.000 	0.000 
FC_TRA_ROAD_E,E7000,KTOE,MT	0.000 	0.000 	0.000 	0.000 	0.000 	0.000 	0.000 	0.000 	0.029 	0.083 	0.139 	0.183 
FC_TRA_ROAD_E,E7000,KTOE,NL	0.688 	0.860 	1.118 	1.720 	2.923 	6.019 	24.125 	18.327 	24.125 	33.199 	45.912 	57.883 
FC_TRA_ROAD_E,E7000,KTOE,NO	0.258 	0.258 	0.430 	1.118 	2.408 	5.589 	13.844 	23.388 	35.770 	54.686 	73.861 	93.639 
FC_TRA_ROAD_E,E7000,KTOE,PL	2.064 	1.978 	1.720 	1.720 	1.548 	1.634 	1.892 	2.150 	2.279 	2.420 	2.821 	6.402 
FC_TRA_ROAD_E,E7000,KTOE,PT	0.000 	0.000 	0.000 	0.000 	0.000 	0.000 	0.086 	0.086 	0.183 	0.459 	1.013 	0.892 
FC_TRA_ROAD_E,E7000,KTOE,RO	0.000 	0.000 	4.127 	5.331 	3.955 	3.955 	3.611 	3.181 	3.280 	3.369 	3.348 	3.561 
FC_TRA_ROAD_E,E7000,KTOE,RS	0.000 	0.000 	0.000 	0.000 	0.000 	0.000 	0.000 	0.000 	0.000 	0.000 	0.000 	0.000 
FC_TRA_ROAD_E,E7000,KTOE,SE	0.000 	0.000 	0.000 	0.000 	0.000 	0.000 	0.000 	0.000 	0.000 	0.000 	21.926 	42.562 
FC_TRA_ROAD_E,E7000,KTOE,SI	0.000 	0.000 	0.000 	0.000 	0.000 	0.000 	0.000 	0.000 	0.075 	0.091 	0.170 	0.184 
FC_TRA_ROAD_E,E7000,KTOE,SK	0.000 	0.000 	0.000 	0.000 	2.408 	2.236 	2.150 	2.150 	2.150 	2.064 	2.064 	2.064 
FC_TRA_ROAD_E,E7000,KTOE,TR	0.000 	0.000 	0.000 	0.000 	0.000 	0.000 	0.000 	0.000 	0.000 	0.000 	0.000 	0.000 
FC_TRA_ROAD_E,E7000,KTOE,UA	0.000 	0.000 	0.000 	0.000 	0.000 	0.000 	0.000 	0.000 	0.000 	0.000 	0.000 	0.000 
FC_TRA_ROAD_E,E7000,KTOE,UK	1.548 	1.548 	1.806 	2.236 	2.837 	5.847 	8.354 	11.433 	15.820 	20.732 	31.512 	: 
FC_TRA_ROAD_E,E7000,KTOE,XK	0.000 	0.000 	0.000 	0.000 	0.000 	0.000 	0.000 	0.000 	0.000 	0.000 	0.000 	0.000 
FC_TRA_ROAD_E,G3000,KTOE,AL	0.000 	0.000 	0.000 	0.000 	0.000 	0.000 	0.000 	0.000 	0.000 	0.000 	0.000 	0.000 
FC_TRA_ROAD_E,G3000,KTOE,AT	7.861 	10.841 	11.610 	12.721 	15.473 	16.773 	17.350 	17.301 	17.116 	16.638 	18.344 	19.454 
FC_TRA_ROAD_E,G3000,KTOE,BA	: 	: 	: 	: 	: 	0.000 	0.000 	0.086 	1.094 	2.042 	2.300 	2.537 
FC_TRA_ROAD_E,G3000,KTOE,BE	0.220 	0.000 	0.237 	0.537 	0.869 	1.736 	3.319 	5.398 	8.537 	14.560 	27.939 	42.575 
FC_TRA_ROAD_E,G3000,KTOE,BG	49.118 	65.929 	60.748 	64.811 	70.874 	78.591 	77.774 	74.097 	75.015 	78.423 	87.357 	86.187 
FC_TRA_ROAD_E,G3000,KTOE,CY	0.000 	0.000 	0.000 	0.000 	0.000 	0.000 	0.000 	0.000 	0.000 	0.000 	0.000 	0.000 
FC_TRA_ROAD_E,G3000,KTOE,CZ	6.642 	8.641 	10.254 	12.468 	13.586 	24.635 	35.834 	49.033 	55.782 	60.771 	75.391 	76.658 
FC_TRA_ROAD_E,G3000,KTOE,DE	146.412 	138.523 	166.466 	169.862 	175.969 	177.987 	176.440 	162.510 	143.027 	125.450 	142.317 	133.213 
FC_TRA_ROAD_E,G3000,KTOE,DK	0.000 	0.000 	0.000 	0.000 	0.000 	0.000 	1.804 	3.143 	6.382 	7.859 	7.963 	7.918 
FC_TRA_ROAD_E,G3000,KTOE,EA19	868.207 	974.299 	1082.945 	1142.728 	1222.837 	1296.862 	1375.976 	1392.285 	1354.389 	1417.378 	1634.342 	1570.712 
FC_TRA_ROAD_E,G3000,KTOE,EE	0.000 	0.043 	0.258 	0.537 	0.860 	1.569 	2.773 	4.127 	4.552 	7.113 	6.406 	15.533 
FC_TRA_ROAD_E,G3000,KTOE,EL	14.725 	14.144 	14.940 	14.725 	13.414 	13.758 	15.112 	18.960 	12.790 	15.191 	17.891 	18.126 
FC_TRA_ROAD_E,G3000,KTOE,ES	43.594 	55.288 	59.609 	63.737 	69.175 	74.399 	78.956 	97.787 	114.705 	150.279 	194.368 	276.633 
FC_TRA_ROAD_E,G3000,KTOE,EU27_2020	947.290 	1083.628 	1198.251 	1274.908 	1362.628 	1455.375 	1549.342 	1581.394 	1528.993 	1602.486 	1844.034 	1780.431 
FC_TRA_ROAD_E,G3000,KTOE,FI	5.159 	5.159 	3.439 	5.503 	3.439 	3.654 	3.525 	3.955 	4.607 	7.352 	11.136 	13.866 
FC_TRA_ROAD_E,G3000,KTOE,FR	29.471 	30.804 	70.947 	79.062 	88.652 	96.217 	99.248 	103.963 	112.693 	132.631 	162.704 	193.269 
FC_TRA_ROAD_E,G3000,KTOE,GE	: 	: 	: 	: 	214.453 	294.648 	300.962 	228.397 	211.347 	194.484 	161.606 	116.316 
FC_TRA_ROAD_E,G3000,KTOE,HR	1.139 	2.107 	0.645 	0.817 	1.548 	3.224 	3.310 	3.654 	4.227 	4.220 	3.971 	3.073 
FC_TRA_ROAD_E,G3000,KTOE,HU	1.397 	0.924 	0.860 	1.118 	1.096 	1.440 	4.235 	8.129 	8.749 	9.652 	9.243 	7.760 
FC_TRA_ROAD_E,G3000,KTOE,IE	0.000 	0.000 	0.000 	0.000 	0.000 	0.000 	0.000 	0.000 	0.000 	0.000 	0.000 	0.000 
FC_TRA_ROAD_E,G3000,KTOE,IS	0.000 	0.000 	0.000 	0.000 	0.000 	0.000 	0.000 	0.000 	0.000 	0.000 	0.000 	0.000 
FC_TRA_ROAD_E,G3000,KTOE,IT	601.096 	695.292 	722.399 	756.793 	811.629 	862.403 	900.903 	893.594 	847.073 	857.942 	959.871 	772.378 
FC_TRA_ROAD_E,G3000,KTOE,LT	1.354 	2.408 	3.203 	2.880 	3.998 	4.643 	7.674 	7.760 	7.825 	7.717 	7.459 	8.383 
FC_TRA_ROAD_E,G3000,KTOE,LU	0.000 	0.000 	0.000 	0.000 	0.000 	0.000 	0.000 	0.000 	0.000 	0.000 	0.000 	0.000 
FC_TRA_ROAD_E,G3000,KTOE,LV	0.086 	0.000 	0.000 	0.000 	0.000 	0.000 	0.000 	0.000 	0.000 	0.056 	0.185 	0.534 
FC_TRA_ROAD_E,G3000,KTOE,MD	: 	1.032 	1.677 	1.677 	1.397 	1.268 	12.382 	17.412 	15.859 	16.380 	12.016 	6.191 
FC_TRA_ROAD_E,G3000,KTOE,ME	0.000 	0.000 	0.000 	0.000 	0.000 	0.000 	0.000 	0.000 	0.000 	0.000 	0.000 	0.000 
FC_TRA_ROAD_E,G3000,KTOE,MK	0.236 	0.193 	0.236 	0.107 	0.129 	0.150 	0.150 	0.150 	0.193 	0.709 	1.762 	1.985 
FC_TRA_ROAD_E,G3000,KTOE,MT	0.000 	0.000 	0.000 	0.000 	0.000 	0.000 	0.000 	0.000 	0.000 	0.000 	0.000 	0.000 
FC_TRA_ROAD_E,G3000,KTOE,NL	6.277 	9.265 	17.283 	23.710 	26.182 	30.460 	54.489 	60.249 	63.520 	63.037 	63.796 	57.951 
FC_TRA_ROAD_E,G3000,KTOE,NO	3.439 	4.520 	5.832 	12.599 	14.936 	15.270 	20.224 	21.357 	23.305 	25.711 	32.311 	23.689 
FC_TRA_ROAD_E,G3000,KTOE,PL	0.000 	0.000 	0.000 	0.000 	0.000 	0.000 	15.972 	14.596 	11.133 	12.769 	17.158 	19.508 
FC_TRA_ROAD_E,G3000,KTOE,PT	11.952 	12.532 	12.554 	11.973 	12.382 	12.102 	14.080 	13.865 	14.676 	16.073 	17.508 	15.310 
FC_TRA_ROAD_E,G3000,KTOE,RO	0.000 	0.000 	0.000 	0.000 	0.000 	0.000 	0.000 	0.000 	0.000 	0.000 	0.000 	0.000 
FC_TRA_ROAD_E,G3000,KTOE,RS	0.666 	1.569 	1.505 	1.978 	3.719 	3.353 	3.740 	3.611 	3.566 	8.809 	9.067 	20.187 
FC_TRA_ROAD_E,G3000,KTOE,SE	20.787 	31.728 	42.799 	52.966 	52.687 	50.623 	34.437 	36.457 	13.316 	11.414 	8.609 	8.615 
FC_TRA_ROAD_E,G3000,KTOE,SI	0.000 	0.000 	0.000 	0.688 	0.795 	1.161 	2.107 	2.816 	3.268 	3.339 	4.418 	3.487 
FC_TRA_ROAD_E,G3000,KTOE,SK	0.000 	0.000 	0.000 	0.000 	0.000 	0.000 	0.000 	0.000 	0.000 	0.000 	0.000 	0.000 
FC_TRA_ROAD_E,G3000,KTOE,TR	32.932 	58.706 	61.565 	41.165 	70.959 	69.712 	70.808 	66.788 	68.894 	76.008 	79.860 	66.619 
FC_TRA_ROAD_E,G3000,KTOE,UA	52.279 	45.185 	44.153 	44.067 	41.552 	23.259 	24.721 	28.074 	28.460 	22.757 	20.156 	18.229 
FC_TRA_ROAD_E,G3000,KTOE,UK	0.000 	0.000 	0.000 	0.000 	0.000 	0.000 	0.000 	0.000 	0.000 	0.000 	0.000 	: 
FC_TRA_ROAD_E,G3000,KTOE,XK	0.000 	0.000 	0.000 	0.000 	0.000 	0.000 	0.000 	0.000 	0.000 	0.000 	0.000 	0.000 
FC_TRA_ROAD_E,O4630,KTOE,AL	0.000 	0.000 	2.260 	4.520 	5.650 	5.650 	6.780 	6.780 	7.040 	11.560 	11.933 	8.046 
FC_TRA_ROAD_E,O4630,KTOE,AT	22.518 	21.186 	20.351 	21.484 	20.094 	17.667 	13.441 	12.190 	11.605 	8.226 	5.253 	3.055 
FC_TRA_ROAD_E,O4630,KTOE,BA	: 	: 	: 	: 	: 	40.318 	41.438 	51.518 	64.957 	59.655 	58.002 	68.433 
FC_TRA_ROAD_E,O4630,KTOE,BE	58.231 	52.737 	54.935 	52.737 	46.145 	48.342 	63.724 	64.823 	58.780 	55.154 	54.715 	48.466 
FC_TRA_ROAD_E,O4630,KTOE,BG	387.838 	373.555 	349.384 	370.259 	397.726 	433.983 	462.549 	495.510 	478.865 	457.021 	438.510 	415.713 
FC_TRA_ROAD_E,O4630,KTOE,CY	0.000 	0.000 	0.000 	0.000 	0.000 	0.000 	0.000 	0.000 	0.000 	0.498 	0.539 	0.451 
FC_TRA_ROAD_E,O4630,KTOE,CZ	83.724 	80.594 	81.625 	89.968 	93.107 	102.522 	103.568 	103.568 	100.430 	96.245 	92.061 	77.415 
FC_TRA_ROAD_E,O4630,KTOE,DE	569.506 	553.014 	565.108 	562.909 	546.417 	512.855 	452.923 	401.234 	367.283 	385.802 	348.765 	251.028 
FC_TRA_ROAD_E,O4630,KTOE,DK	3.296 	0.000 	0.000 	0.000 	0.000 	0.000 	0.000 	0.000 	0.000 	0.000 	0.000 	0.000 
FC_TRA_ROAD_E,O4630,KTOE,EA19	2613.592 	2737.580 	2931.208 	2882.013 	3196.522 	3139.313 	3194.191 	3063.274 	3047.854 	2971.051 	2980.694 	2357.386 
FC_TRA_ROAD_E,O4630,KTOE,EE	2.478 	2.237 	2.470 	3.246 	3.814 	4.562 	5.441 	6.108 	7.320 	8.823 	10.509 	10.107 
FC_TRA_ROAD_E,O4630,KTOE,EL	18.678 	46.145 	196.666 	54.935 	204.357 	217.541 	257.094 	261.488 	245.906 	235.568 	240.328 	193.716 
FC_TRA_ROAD_E,O4630,KTOE,ES	18.076 	21.465 	23.725 	29.373 	35.022 	39.541 	48.579 	53.098 	57.617 	70.044 	97.158 	74.563 
FC_TRA_ROAD_E,O4630,KTOE,EU27_2020	5085.705 	5131.462 	5306.858 	5250.028 	5586.060 	5596.868 	5721.927 	5741.266 	5835.200 	5759.518 	5829.612 	4918.680 
FC_TRA_ROAD_E,O4630,KTOE,FI	0.000 	0.000 	0.000 	0.000 	0.000 	0.000 	0.000 	0.000 	0.000 	0.000 	0.000 	0.000 
FC_TRA_ROAD_E,O4630,KTOE,FR	108.770 	126.349 	139.534 	126.349 	112.066 	99.981 	88.994 	79.106 	70.316 	63.687 	57.814 	39.041 
FC_TRA_ROAD_E,O4630,KTOE,GE	: 	: 	: 	: 	2.197 	2.197 	0.000 	0.000 	3.076 	3.955 	18.962 	22.101 
FC_TRA_ROAD_E,O4630,KTOE,HR	78.396 	66.077 	62.717 	61.597 	62.717 	68.317 	75.037 	79.516 	79.180 	78.844 	73.917 	59.133 
FC_TRA_ROAD_E,O4630,KTOE,HU	26.942 	29.187 	31.432 	23.574 	32.555 	30.310 	30.310 	27.563 	26.449 	23.143 	19.837 	14.326 
FC_TRA_ROAD_E,O4630,KTOE,IE	0.587 	0.515 	0.550 	1.000 	1.303 	2.108 	2.530 	2.549 	2.254 	1.852 	1.629 	0.839 
FC_TRA_ROAD_E,O4630,KTOE,IS	0.000 	0.000 	0.000 	0.000 	0.000 	0.000 	0.000 	0.000 	0.000 	0.000 	0.000 	0.000 
FC_TRA_ROAD_E,O4630,KTOE,IT	1204.165 	1333.811 	1392.042 	1483.233 	1688.688 	1718.353 	1817.235 	1755.708 	1831.927 	1773.287 	1816.155 	1438.693 
FC_TRA_ROAD_E,O4630,KTOE,LT	184.048 	174.069 	162.982 	153.004 	146.351 	143.025 	133.312 	125.663 	116.476 	109.163 	105.120 	96.900 
FC_TRA_ROAD_E,O4630,KTOE,LU	1.482 	1.485 	0.686 	1.873 	1.284 	1.481 	0.743 	0.803 	0.694 	0.369 	0.323 	0.191 
FC_TRA_ROAD_E,O4630,KTOE,LV	20.666 	23.929 	28.280 	44.596 	56.561 	63.087 	64.175 	61.999 	58.284 	55.225 	48.432 	43.771 
FC_TRA_ROAD_E,O4630,KTOE,MD	: 	14.304 	11.003 	14.304 	14.304 	14.304 	15.404 	14.303 	14.303 	13.203 	12.763 	11.992 
FC_TRA_ROAD_E,O4630,KTOE,ME	0.000 	0.000 	0.000 	0.000 	0.000 	7.840 	8.960 	8.960 	9.296 	9.408 	9.408 	7.728 
FC_TRA_ROAD_E,O4630,KTOE,MK	49.242 	46.968 	39.142 	36.891 	41.428 	46.915 	53.653 	59.261 	58.134 	58.502 	63.455 	48.638 
FC_TRA_ROAD_E,O4630,KTOE,MT	0.000 	0.000 	0.000 	0.000 	0.000 	0.000 	0.000 	1.099 	0.689 	0.547 	0.788 	0.709 
FC_TRA_ROAD_E,O4630,KTOE,NL	367.026 	343.277 	309.813 	304.416 	286.064 	220.216 	192.148 	181.356 	162.997 	148.092 	138.096 	115.914 
FC_TRA_ROAD_E,O4630,KTOE,NO	2.202 	2.202 	2.202 	2.202 	2.202 	2.202 	4.404 	4.404 	7.708 	7.708 	5.140 	5.962 
FC_TRA_ROAD_E,O4630,KTOE,PL	1816.136 	1823.827 	1766.695 	1764.498 	1750.215 	1763.399 	1790.867 	1896.341 	2012.302 	2039.495 	2125.967 	1906.229 
FC_TRA_ROAD_E,O4630,KTOE,PT	32.961 	31.862 	27.467 	34.059 	36.257 	37.355 	39.553 	40.652 	40.609 	39.859 	40.839 	30.791 
FC_TRA_ROAD_E,O4630,KTOE,RO	74.742 	19.545 	82.779 	57.485 	52.887 	58.635 	63.234 	74.731 	90.120 	93.719 	98.626 	88.478 
FC_TRA_ROAD_E,O4630,KTOE,RS	382.345 	336.741 	307.361 	296.061 	265.551 	245.211 	189.841 	167.241 	132.904 	81.488 	100.776 	75.891 
FC_TRA_ROAD_E,O4630,KTOE,SE	1.039 	1.097 	1.018 	0.634 	0.331 	0.389 	2.171 	0.763 	0.000 	0.000 	0.000 	0.000 
FC_TRA_ROAD_E,O4630,KTOE,SI	4.400 	5.499 	6.599 	8.799 	12.099 	13.199 	14.299 	15.398 	15.097 	14.855 	14.231 	9.151 
FC_TRA_ROAD_E,O4630,KTOE,SK	0.000 	0.000 	0.000 	0.000 	0.000 	0.000 	0.000 	0.000 	0.000 	0.000 	0.000 	0.000 
FC_TRA_ROAD_E,O4630,KTOE,TR	2604.053 	2660.540 	2826.612 	3028.470 	3052.210 	3207.561 	3412.199 	3599.513 	3522.533 	3701.099 	3789.152 	3462.886 
FC_TRA_ROAD_E,O4630,KTOE,UA	755.899 	717.445 	742.715 	804.242 	875.657 	845.992 	844.893 	1318.429 	1633.754 	1732.416 	1977.644 	1344.798 
FC_TRA_ROAD_E,O4630,KTOE,UK	117.468 	116.208 	107.749 	102.043 	103.178 	96.609 	89.916 	77.864 	74.209 	64.704 	67.304 	: 
FC_TRA_ROAD_E,O4630,KTOE,XK	13.439 	13.439 	13.189 	12.090 	9.892 	7.694 	8.793 	8.793 	8.411 	8.053 	6.947 	7.202 
FC_TRA_ROAD_E,O4652XR5210B,KTOE,AL	103.927 	125.136 	115.592 	100.745 	109.229 	109.229 	109.229 	99.685 	96.715 	97.776 	97.776 	69.588 
FC_TRA_ROAD_E,O4652XR5210B,KTOE,AT	1774.838 	1764.095 	1632.260 	1585.826 	1554.830 	1524.254 	1539.983 	1521.948 	1504.984 	1563.337 	1556.921 	1290.839 
FC_TRA_ROAD_E,O4652XR5210B,KTOE,BA	: 	: 	: 	: 	: 	200.088 	205.409 	210.731 	200.088 	189.080 	181.064 	147.738 
FC_TRA_ROAD_E,O4652XR5210B,KTOE,BE	1389.351 	1235.351 	1187.458 	1156.398 	1154.132 	1242.012 	1323.649 	1431.612 	1431.632 	1603.542 	1800.606 	1489.419 
FC_TRA_ROAD_E,O4652XR5210B,KTOE,BG	647.368 	610.586 	564.345 	540.174 	442.438 	505.493 	520.206 	492.882 	504.957 	477.508 	472.814 	459.238 
FC_TRA_ROAD_E,O4652XR5210B,KTOE,CY	405.247 	412.654 	407.364 	393.608 	369.272 	360.808 	365.040 	374.563 	371.281 	361.447 	356.235 	301.006 
FC_TRA_ROAD_E,O4652XR5210B,KTOE,CZ	2056.983 	1867.954 	1795.898 	1673.970 	1573.909 	1557.936 	1570.454 	1617.440 	1600.258 	1601.411 	1601.624 	1455.951 
FC_TRA_ROAD_E,O4652XR5210B,KTOE,DE	19720.607 	18859.481 	18779.401 	17617.713 	17590.673 	17682.194 	16926.336 	16938.454 	17186.881 	16413.325 	16585.002 	14914.686 
FC_TRA_ROAD_E,O4652XR5210B,KTOE,DK	1692.663 	1574.448 	1540.972 	1381.958 	1335.927 	1321.281 	1389.281 	1377.773 	1312.176 	1316.359 	1317.570 	1175.514 
FC_TRA_ROAD_E,O4652XR5210B,KTOE,EA19	64111.497 	60495.599 	58498.841 	54094.820 	52716.844 	52546.793 	51482.447 	51508.371 	51681.926 	51747.236 	52983.336 	44863.451 
FC_TRA_ROAD_E,O4652XR5210B,KTOE,EE	306.869 	289.004 	267.985 	256.425 	240.661 	241.712 	240.661 	254.323 	266.934 	272.189 	273.240 	214.388 
FC_TRA_ROAD_E,O4652XR5210B,KTOE,EL	4247.827 	3867.393 	3497.468 	3035.063 	2775.485 	2643.069 	2573.708 	2536.926 	2450.750 	2402.845 	2345.502 	1880.541 
FC_TRA_ROAD_E,O4652XR5210B,KTOE,ES	6099.873 	5619.502 	5228.009 	4705.314 	4596.331 	4532.846 	4560.356 	4766.683 	4868.260 	5072.471 	5405.768 	4279.963 
FC_TRA_ROAD_E,O4652XR5210B,KTOE,EU27_2020	80044.689 	75458.507 	72649.714 	67435.049 	65334.809 	65081.704 	64117.551 	64334.479 	64704.574 	64805.099 	66226.044 	56952.706 
FC_TRA_ROAD_E,O4652XR5210B,KTOE,FI	1528.232 	1492.285 	1411.149 	1355.689 	1385.922 	1334.093 	1326.837 	1321.654 	1269.824 	1251.166 	1223.178 	1127.811 
FC_TRA_ROAD_E,O4652XR5210B,KTOE,FR	8081.406 	7430.900 	7287.978 	6858.161 	6629.065 	6665.846 	6744.664 	6901.248 	7132.445 	7356.172 	7860.317 	6746.204 
FC_TRA_ROAD_E,O4652XR5210B,KTOE,GE	: 	: 	: 	: 	393.045 	399.350 	444.540 	627.400 	563.294 	566.216 	577.370 	571.111 
FC_TRA_ROAD_E,O4652XR5210B,KTOE,HR	719.495 	677.985 	662.019 	615.188 	601.353 	554.522 	553.457 	556.651 	534.386 	519.205 	495.205 	411.202 
FC_TRA_ROAD_E,O4652XR5210B,KTOE,HU	1578.666 	1348.333 	1245.343 	1233.782 	1167.574 	1243.241 	1283.176 	1306.296 	1337.824 	1396.675 	1507.022 	1308.398 
FC_TRA_ROAD_E,O4652XR5210B,KTOE,IE	1646.474 	1525.066 	1356.797 	1280.118 	1184.269 	1176.814 	1018.130 	1002.156 	903.536 	823.577 	780.177 	577.885 
FC_TRA_ROAD_E,O4652XR5210B,KTOE,IS	164.004 	155.536 	150.282 	143.976 	141.874 	138.722 	138.722 	144.275 	141.530 	134.472 	125.573 	96.334 
FC_TRA_ROAD_E,O4652XR5210B,KTOE,IT	10956.912 	10275.915 	9908.092 	8769.944 	8398.968 	8494.602 	8191.937 	7649.661 	7432.637 	7639.952 	7711.665 	6078.996 
FC_TRA_ROAD_E,O4652XR5210B,KTOE,LT	366.938 	296.332 	257.820 	231.075 	209.679 	205.400 	199.857 	215.635 	212.238 	232.306 	242.487 	236.918 
FC_TRA_ROAD_E,O4652XR5210B,KTOE,LU	389.025 	361.568 	368.860 	359.250 	327.191 	313.942 	292.724 	284.474 	300.622 	328.280 	342.829 	261.775 
FC_TRA_ROAD_E,O4652XR5210B,KTOE,LV	324.513 	294.058 	273.053 	232.095 	210.041 	205.840 	204.790 	199.539 	191.780 	183.903 	174.523 	167.550 
FC_TRA_ROAD_E,O4652XR5210B,KTOE,MD	: 	205.691 	216.132 	174.367 	167.058 	166.014 	169.147 	173.323 	167.058 	176.769 	182.198 	161.733 
FC_TRA_ROAD_E,O4652XR5210B,KTOE,ME	68.161 	60.706 	42.601 	36.210 	33.015 	35.145 	36.210 	37.275 	37.701 	36.210 	38.234 	28.649 
FC_TRA_ROAD_E,O4652XR5210B,KTOE,MK	129.346 	130.477 	138.318 	110.833 	116.366 	105.847 	107.974 	109.333 	108.611 	106.610 	108.996 	79.426 
FC_TRA_ROAD_E,O4652XR5210B,KTOE,MT	73.947 	73.947 	73.947 	72.920 	73.947 	73.947 	78.055 	78.055 	78.993 	79.517 	84.211 	70.772 
FC_TRA_ROAD_E,O4652XR5210B,KTOE,NL	4046.107 	4048.151 	4102.694 	3922.428 	3823.254 	3706.155 	3782.904 	3906.083 	3967.041 	4098.724 	4177.325 	3482.992 
FC_TRA_ROAD_E,O4652XR5210B,KTOE,NO	1265.580 	1205.361 	1091.114 	1013.789 	941.831 	893.724 	838.030 	786.369 	760.952 	728.152 	664.767 	623.109 
FC_TRA_ROAD_E,O4652XR5210B,KTOE,PL	4293.852 	4243.336 	4013.328 	3841.359 	3659.716 	3535.393 	3654.199 	3859.606 	4218.907 	4386.983 	4535.698 	4226.926 
FC_TRA_ROAD_E,O4652XR5210B,KTOE,PT	1528.041 	1450.272 	1306.296 	1182.287 	1151.810 	1144.454 	1099.264 	1082.450 	1080.017 	1067.988 	1106.876 	916.122 
FC_TRA_ROAD_E,O4652XR5210B,KTOE,RO	1497.239 	1412.298 	1345.788 	1331.239 	1267.847 	1354.102 	1268.886 	1326.043 	1333.077 	1320.309 	1322.343 	1234.260 
FC_TRA_ROAD_E,O4652XR5210B,KTOE,RS	548.913 	496.483 	456.892 	428.002 	390.552 	410.882 	426.932 	442.982 	447.821 	449.639 	459.857 	420.713 
FC_TRA_ROAD_E,O4652XR5210B,KTOE,SE	3446.926 	3227.968 	2983.180 	2722.559 	2569.201 	2462.943 	2395.445 	2289.417 	2181.063 	2039.413 	1990.432 	1817.766 
FC_TRA_ROAD_E,O4652XR5210B,KTOE,SI	614.788 	600.125 	582.321 	525.764 	478.634 	447.214 	436.740 	433.598 	422.887 	425.651 	407.666 	321.921 
FC_TRA_ROAD_E,O4652XR5210B,KTOE,SK	610.502 	599.500 	569.889 	554.742 	562.680 	551.591 	576.812 	609.309 	609.184 	570.844 	548.808 	503.663 
FC_TRA_ROAD_E,O4652XR5210B,KTOE,TR	2560.571 	2145.801 	1910.906 	1894.377 	1922.402 	1991.636 	2161.786 	2305.914 	2376.536 	2326.512 	2388.103 	2391.417 
FC_TRA_ROAD_E,O4652XR5210B,KTOE,UA	4945.639 	4868.921 	4587.500 	4455.909 	4158.498 	3303.048 	2518.009 	2281.552 	2062.960 	1853.826 	1659.322 	1776.584 
FC_TRA_ROAD_E,O4652XR5210B,KTOE,UK	16684.744 	15597.978 	14850.804 	14153.454 	13450.048 	13185.063 	12925.976 	12784.282 	12603.991 	12367.667 	12492.713 	: 
FC_TRA_ROAD_E,O4652XR5210B,KTOE,XK	86.763 	75.124 	71.950 	67.718 	62.427 	66.810 	67.870 	69.991 	65.774 	61.452 	61.625 	54.234 
FC_TRA_ROAD_E,O4671XR5220B,KTOE,AL	636.868 	594.956 	626.646 	610.289 	653.224 	656.291 	647.091 	607.223 	611.904 	571.786 	565.249 	386.859 
FC_TRA_ROAD_E,O4671XR5220B,KTOE,AT	5014.977 	5287.216 	5097.090 	5120.724 	5574.996 	5485.654 	5618.023 	5887.664 	6057.129 	6118.728 	6153.108 	5436.758 
FC_TRA_ROAD_E,O4671XR5220B,KTOE,BA	: 	: 	: 	: 	: 	741.621 	776.304 	928.301 	976.246 	982.419 	1075.712 	972.037 
FC_TRA_ROAD_E,O4671XR5220B,KTOE,BE	7030.238 	6890.132 	6821.169 	6608.071 	6462.965 	6481.244 	6922.184 	6724.119 	6534.370 	6400.723 	6112.010 	5113.956 
FC_TRA_ROAD_E,O4671XR5220B,KTOE,BG	1449.807 	1420.507 	1493.250 	1590.241 	1373.022 	1572.055 	1798.366 	1835.748 	1862.257 	2001.780 	2124.895 	1991.490 
FC_TRA_ROAD_E,O4671XR5220B,KTOE,CY	329.250 	337.770 	321.044 	278.425 	235.640 	229.013 	247.188 	274.747 	298.706 	311.325 	322.494 	288.722 
FC_TRA_ROAD_E,O4671XR5220B,KTOE,CZ	3536.169 	3393.168 	3406.521 	3443.371 	3494.998 	3665.756 	3891.414 	4073.261 	4246.892 	4308.062 	4363.622 	4099.349 
FC_TRA_ROAD_E,O4671XR5220B,KTOE,DE	26610.508 	27823.147 	28532.014 	29204.206 	30563.852 	31540.639 	32305.816 	33676.040 	34283.562 	33015.229 	33436.881 	30114.281 
FC_TRA_ROAD_E,O4671XR5220B,KTOE,DK	2323.268 	2420.156 	2333.467 	2154.989 	2132.552 	2205.618 	2278.655 	2348.923 	2396.814 	2486.923 	2406.036 	2244.982 
FC_TRA_ROAD_E,O4671XR5220B,KTOE,EA19	138678.829 	140258.018 	140415.568 	135670.079 	138075.809 	140433.810 	142763.415 	146094.422 	146396.011 	145259.347 	144862.227 	124776.891 
FC_TRA_ROAD_E,O4671XR5220B,KTOE,EE	349.899 	388.401 	426.639 	451.612 	453.633 	456.664 	477.880 	484.953 	495.056 	500.209 	486.751 	481.760 
FC_TRA_ROAD_E,O4671XR5220B,KTOE,EL	2774.678 	2433.821 	2124.506 	1622.886 	1840.628 	1917.956 	1989.180 	2126.541 	2117.001 	2189.857 	2360.886 	2221.917 
FC_TRA_ROAD_E,O4671XR5220B,KTOE,ES	23372.289 	22656.444 	21498.973 	18462.024 	19767.388 	20120.689 	20943.346 	21404.486 	21722.867 	21757.786 	21657.137 	17925.910 
FC_TRA_ROAD_E,O4671XR5220B,KTOE,EU27_2020	164529.134 	166917.203 	167598.183 	162369.782 	163619.943 	167014.704 	171132.973 	176789.047 	180248.155 	179919.779 	180148.647 	158328.421 
FC_TRA_ROAD_E,O4671XR5220B,KTOE,FI	2138.641 	2316.706 	2338.861 	2317.403 	2289.596 	1992.433 	2001.186 	2407.021 	2247.244 	2319.215 	2214.238 	2107.625 
FC_TRA_ROAD_E,O4671XR5220B,KTOE,FR	30485.539 	31221.197 	32251.932 	32320.105 	32225.477 	32329.263 	32633.497 	32646.118 	32553.755 	31335.571 	30725.860 	26325.173 
FC_TRA_ROAD_E,O4671XR5220B,KTOE,GE	: 	: 	: 	: 	391.731 	440.570 	505.689 	550.459 	482.694 	435.174 	466.284 	455.452 
FC_TRA_ROAD_E,O4671XR5220B,KTOE,HR	1151.039 	1132.659 	1115.374 	1095.962 	1131.570 	1149.904 	1249.534 	1310.602 	1481.540 	1419.480 	1500.619 	1346.954 
FC_TRA_ROAD_E,O4671XR5220B,KTOE,HU	2537.976 	2357.409 	2183.864 	2091.574 	1931.069 	2214.961 	2510.891 	2544.203 	2749.133 	2945.866 	3108.785 	2653.841 
FC_TRA_ROAD_E,O4671XR5220B,KTOE,IE	2273.846 	2131.276 	2125.539 	2126.758 	2268.660 	2407.302 	2619.726 	2828.914 	2841.484 	2961.769 	2995.016 	2564.531 
FC_TRA_ROAD_E,O4671XR5220B,KTOE,IS	117.082 	108.866 	108.866 	114.001 	120.163 	116.055 	129.407 	149.971 	168.572 	183.819 	185.818 	171.803 
FC_TRA_ROAD_E,O4671XR5220B,KTOE,IT	22378.533 	22017.326 	22249.312 	21198.252 	20697.650 	22126.197 	21525.881 	21618.472 	20473.484 	21276.389 	21364.688 	17411.722 
FC_TRA_ROAD_E,O4671XR5220B,KTOE,LT	767.417 	881.604 	918.637 	958.757 	989.618 	1150.097 	1250.953 	1368.678 	1453.338 	1554.581 	1627.775 	1592.368 
FC_TRA_ROAD_E,O4671XR5220B,KTOE,LU	1613.799 	1755.921 	1876.157 	1782.248 	1767.260 	1685.511 	1566.083 	1517.140 	1536.202 	1633.065 	1663.509 	1247.936 
FC_TRA_ROAD_E,O4671XR5220B,KTOE,LV	600.795 	655.597 	548.022 	536.859 	562.230 	606.884 	667.775 	692.132 	754.038 	763.578 	786.346 	751.777 
FC_TRA_ROAD_E,O4671XR5220B,KTOE,MD	: 	335.375 	365.864 	327.245 	369.929 	398.385 	432.939 	451.232 	464.444 	474.607 	493.104 	472.270 
FC_TRA_ROAD_E,O4671XR5220B,KTOE,ME	138.735 	166.278 	167.298 	159.137 	123.433 	115.273 	136.695 	168.318 	186.782 	205.450 	216.263 	188.516 
FC_TRA_ROAD_E,O4671XR5220B,KTOE,MK	247.602 	270.381 	291.774 	300.677 	351.369 	379.535 	430.814 	507.877 	535.461 	536.354 	584.364 	514.432 
FC_TRA_ROAD_E,O4671XR5220B,KTOE,MT	85.244 	93.460 	90.379 	90.379 	92.433 	95.514 	101.677 	101.677 	106.328 	127.687 	132.518 	103.852 
FC_TRA_ROAD_E,O4671XR5220B,KTOE,NL	6294.067 	6467.412 	6472.571 	6185.727 	6003.095 	5459.329 	5545.139 	5509.091 	5610.313 	5631.297 	5386.969 	4690.318 
FC_TRA_ROAD_E,O4671XR5220B,KTOE,NO	2052.675 	2055.504 	2144.686 	2220.666 	2302.013 	2414.152 	2482.137 	2440.505 	2178.925 	2290.792 	2141.016 	2076.923 
FC_TRA_ROAD_E,O4671XR5220B,KTOE,PL	8741.081 	9621.188 	10077.271 	9600.504 	8823.818 	9057.548 	9730.152 	11566.495 	13807.576 	14151.537 	14291.688 	13880.725 
FC_TRA_ROAD_E,O4671XR5220B,KTOE,PT	4353.611 	4345.395 	4077.338 	3746.632 	3694.253 	3769.227 	3817.498 	3994.148 	4094.046 	4129.924 	4240.172 	3598.243 
FC_TRA_ROAD_E,O4671XR5220B,KTOE,RO	3087.274 	2973.273 	3124.248 	3355.839 	3314.284 	3421.720 	3520.033 	3810.920 	4129.640 	4311.844 	4409.811 	4368.825 
FC_TRA_ROAD_E,O4671XR5220B,KTOE,RS	1247.389 	1345.128 	1204.140 	1017.200 	1252.180 	1334.684 	1316.224 	1364.329 	1477.964 	1545.439 	1684.122 	1632.169 
FC_TRA_ROAD_E,O4671XR5220B,KTOE,SE	3023.691 	3340.825 	3448.620 	3367.223 	3342.821 	3293.332 	3390.513 	3204.473 	3178.292 	3034.940 	3080.964 	2965.364 
FC_TRA_ROAD_E,O4671XR5220B,KTOE,SI	1045.973 	1101.935 	1231.155 	1288.134 	1233.219 	1263.655 	1263.685 	1386.797 	1438.151 	1427.959 	1377.332 	1131.399 
FC_TRA_ROAD_E,O4671XR5220B,KTOE,SK	1159.525 	1453.258 	1414.230 	1370.877 	1353.216 	1316.539 	1266.698 	1445.684 	1778.937 	1804.455 	1818.537 	1668.643 
FC_TRA_ROAD_E,O4671XR5220B,KTOE,TR	8228.623 	8552.140 	8813.008 	11418.646 	12711.193 	13490.803 	16672.364 	18663.030 	20010.082 	19974.384 	19825.929 	19175.159 
FC_TRA_ROAD_E,O4671XR5220B,KTOE,UA	2690.226 	2958.842 	3109.236 	3458.393 	3509.184 	2951.218 	2973.393 	3343.303 	3456.191 	3587.222 	3848.981 	3575.127 
FC_TRA_ROAD_E,O4671XR5220B,KTOE,UK	20654.748 	21076.354 	21395.097 	22132.162 	22442.885 	23213.334 	24221.014 	25238.508 	25506.495 	25236.569 	24335.215 	: 
FC_TRA_ROAD_E,O4671XR5220B,KTOE,XK	240.327 	230.056 	244.435 	252.651 	196.424 	268.477 	301.648 	315.124 	332.732 	356.858 	358.476 	359.387 
FC_TRA_ROAD_E,R5210B,KTOE,AL	0.000 	0.000 	0.000 	0.000 	0.000 	0.000 	0.000 	0.000 	0.000 	0.000 	0.000 	0.000 
FC_TRA_ROAD_E,R5210B,KTOE,AT	78.000 	78.262 	77.220 	77.253 	66.090 	62.921 	59.845 	57.128 	56.020 	57.594 	56.502 	54.991 
FC_TRA_ROAD_E,R5210B,KTOE,BA	: 	: 	: 	: 	: 	0.000 	0.000 	0.000 	0.000 	0.000 	0.000 	0.000 
FC_TRA_ROAD_E,R5210B,KTOE,BE	20.358 	56.753 	56.078 	54.432 	54.129 	38.935 	40.572 	43.064 	96.749 	113.385 	129.416 	129.640 
FC_TRA_ROAD_E,R5210B,KTOE,BG	0.000 	0.000 	0.000 	0.000 	8.383 	14.832 	32.244 	32.889 	26.650 	28.595 	31.819 	26.507 
FC_TRA_ROAD_E,R5210B,KTOE,CY	0.000 	0.000 	0.000 	0.000 	0.000 	0.000 	0.000 	0.000 	0.000 	0.000 	0.000 	0.652 
FC_TRA_ROAD_E,R5210B,KTOE,CZ	58.684 	58.040 	60.619 	56.105 	53.525 	65.778 	63.199 	48.366 	59.329 	61.264 	73.517 	65.778 
FC_TRA_ROAD_E,R5210B,KTOE,DE	568.968 	739.337 	771.482 	780.991 	758.169 	774.017 	740.420 	744.857 	733.446 	746.759 	718.866 	690.340 
FC_TRA_ROAD_E,R5210B,KTOE,DK	5.102 	26.784 	47.191 	50.380 	45.916 	44.640 	44.003 	43.902 	43.596 	42.931 	43.696 	79.754 
FC_TRA_ROAD_E,R5210B,KTOE,EA19	1592.547 	1918.840 	1950.718 	1907.614 	1777.487 	1762.473 	1795.677 	1772.189 	1883.087 	2032.640 	2129.217 	2023.942 
FC_TRA_ROAD_E,R5210B,KTOE,EE	0.095 	4.481 	3.841 	3.841 	3.201 	5.121 	2.560 	1.920 	0.960 	4.901 	7.377 	6.188 
FC_TRA_ROAD_E,R5210B,KTOE,EL	0.000 	0.000 	0.000 	0.000 	0.000 	0.000 	0.000 	0.000 	0.000 	0.000 	25.154 	62.667 
FC_TRA_ROAD_E,R5210B,KTOE,ES	152.837 	232.158 	226.999 	199.269 	168.315 	187.661 	190.003 	134.229 	138.005 	153.637 	129.731 	85.882 
FC_TRA_ROAD_E,R5210B,KTOE,EU27_2020	2051.980 	2455.369 	2505.849 	2439.308 	2268.329 	2260.967 	2304.887 	2280.359 	2412.327 	2592.892 	2700.097 	2649.451 
FC_TRA_ROAD_E,R5210B,KTOE,FI	71.511 	75.422 	86.048 	89.429 	64.952 	67.975 	64.227 	66.203 	78.723 	82.411 	87.161 	90.724 
FC_TRA_ROAD_E,R5210B,KTOE,FR	402.408 	398.538 	393.379 	403.052 	394.669 	413.308 	432.003 	476.234 	537.959 	585.982 	653.279 	554.633 
FC_TRA_ROAD_E,R5210B,KTOE,GE	: 	: 	: 	: 	0.000 	0.000 	0.000 	0.000 	0.000 	0.000 	0.000 	0.000 
FC_TRA_ROAD_E,R5210B,KTOE,HR	2.548 	0.000 	1.274 	1.274 	1.274 	0.000 	0.000 	0.000 	0.263 	0.403 	0.957 	0.758 
FC_TRA_ROAD_E,R5210B,KTOE,HU	46.379 	56.544 	54.638 	50.826 	31.131 	60.356 	42.567 	43.838 	45.108 	50.826 	45.744 	83.864 
FC_TRA_ROAD_E,R5210B,KTOE,IE	22.811 	30.161 	23.642 	28.644 	27.709 	24.801 	24.140 	26.766 	29.610 	27.277 	26.194 	19.439 
FC_TRA_ROAD_E,R5210B,KTOE,IS	0.000 	0.000 	0.000 	0.000 	0.000 	0.000 	1.290 	2.962 	2.881 	3.875 	3.826 	6.796 
FC_TRA_ROAD_E,R5210B,KTOE,IT	92.863 	122.084 	114.267 	105.082 	74.318 	10.001 	24.802 	32.543 	33.061 	32.611 	30.436 	19.636 
FC_TRA_ROAD_E,R5210B,KTOE,LT	13.543 	10.318 	9.673 	8.383 	6.449 	5.804 	9.673 	6.449 	8.255 	7.997 	9.738 	15.735 
FC_TRA_ROAD_E,R5210B,KTOE,LU	0.735 	0.715 	6.376 	1.277 	0.642 	3.092 	7.149 	8.837 	6.710 	9.989 	17.051 	13.810 
FC_TRA_ROAD_E,R5210B,KTOE,LV	2.560 	8.321 	7.681 	6.401 	6.401 	6.401 	7.681 	8.321 	7.912 	8.460 	7.307 	12.750 
FC_TRA_ROAD_E,R5210B,KTOE,MD	: 	0.000 	0.000 	0.000 	0.000 	0.000 	0.000 	0.000 	0.000 	0.000 	0.000 	0.000 
FC_TRA_ROAD_E,R5210B,KTOE,ME	0.000 	0.000 	0.000 	0.000 	0.000 	0.000 	0.000 	0.000 	0.000 	0.000 	0.000 	0.000 
FC_TRA_ROAD_E,R5210B,KTOE,MK	0.000 	0.000 	0.000 	0.000 	0.000 	0.000 	0.000 	0.000 	0.000 	0.000 	0.000 	0.000 
FC_TRA_ROAD_E,R5210B,KTOE,MT	0.000 	0.000 	0.000 	0.000 	0.000 	0.000 	0.000 	0.000 	0.000 	0.000 	0.000 	0.000 
FC_TRA_ROAD_E,R5210B,KTOE,NL	138.378 	134.136 	148.968 	124.463 	125.107 	128.332 	141.874 	120.593 	128.942 	170.686 	198.741 	226.450 
FC_TRA_ROAD_E,R5210B,KTOE,NO	0.640 	4.481 	7.681 	8.961 	10.882 	9.602 	8.321 	26.244 	28.165 	31.365 	42.607 	38.127 
FC_TRA_ROAD_E,R5210B,KTOE,PL	168.358 	169.633 	160.705 	138.385 	144.124 	132.846 	153.482 	167.670 	176.160 	172.839 	187.318 	183.016 
FC_TRA_ROAD_E,R5210B,KTOE,PT	0.000 	0.000 	0.000 	1.290 	1.935 	1.935 	21.281 	25.150 	2.947 	5.600 	8.185 	6.417 
FC_TRA_ROAD_E,R5210B,KTOE,RO	2.580 	47.077 	47.721 	59.329 	55.689 	41.607 	61.450 	81.294 	91.073 	90.437 	97.813 	91.629 
FC_TRA_ROAD_E,R5210B,KTOE,RS	0.000 	0.000 	0.000 	0.000 	0.000 	0.000 	0.000 	0.000 	0.000 	0.000 	0.000 	0.000 
FC_TRA_ROAD_E,R5210B,KTOE,SE	175.782 	178.451 	182.983 	175.395 	150.800 	138.435 	112.265 	90.211 	87.061 	112.957 	90.016 	94.203 
FC_TRA_ROAD_E,R5210B,KTOE,SI	2.595 	4.319 	5.064 	6.001 	7.595 	7.589 	6.518 	4.346 	4.227 	7.796 	4.238 	8.042 
FC_TRA_ROAD_E,R5210B,KTOE,SK	24.885 	23.835 	20.000 	17.806 	17.806 	24.580 	22.929 	15.549 	19.561 	17.555 	19.841 	25.946 
FC_TRA_ROAD_E,R5210B,KTOE,TR	5.804 	0.000 	5.159 	5.159 	23.216 	35.469 	70.412 	76.010 	82.345 	80.233 	53.186 	33.519 
FC_TRA_ROAD_E,R5210B,KTOE,UA	0.000 	0.000 	0.000 	0.000 	48.332 	42.373 	35.090 	38.401 	46.518 	37.242 	88.110 	51.113 
FC_TRA_ROAD_E,R5210B,KTOE,UK	162.745 	321.005 	331.897 	394.048 	417.755 	413.910 	404.302 	391.488 	378.673 	388.925 	386.362 	: 
FC_TRA_ROAD_E,R5210B,KTOE,XK	0.000 	0.000 	0.000 	0.000 	0.000 	0.000 	0.000 	0.000 	0.000 	0.000 	0.000 	0.000 
FC_TRA_ROAD_E,R5210P,KTOE,AL	0.000 	0.000 	0.000 	0.000 	0.000 	0.000 	0.000 	0.000 	0.000 	0.000 	0.000 	0.000 
FC_TRA_ROAD_E,R5210P,KTOE,AT	0.000 	0.000 	0.000 	0.000 	0.000 	0.000 	0.000 	0.000 	0.000 	0.000 	0.000 	0.000 
FC_TRA_ROAD_E,R5210P,KTOE,BA	: 	: 	: 	: 	: 	0.000 	0.000 	0.000 	0.000 	0.000 	0.000 	0.000 
FC_TRA_ROAD_E,R5210P,KTOE,BE	0.000 	0.000 	0.000 	0.000 	0.000 	0.000 	0.000 	0.000 	0.000 	0.000 	0.000 	0.000 
FC_TRA_ROAD_E,R5210P,KTOE,BG	0.000 	0.000 	0.000 	0.000 	0.000 	0.000 	0.000 	0.000 	0.000 	0.000 	0.000 	0.000 
FC_TRA_ROAD_E,R5210P,KTOE,CY	0.000 	0.000 	0.000 	0.000 	0.000 	0.000 	0.000 	0.000 	0.000 	0.000 	0.000 	0.000 
FC_TRA_ROAD_E,R5210P,KTOE,CZ	0.000 	0.000 	0.000 	0.000 	0.000 	0.000 	0.000 	0.000 	0.000 	0.000 	0.000 	0.000 
FC_TRA_ROAD_E,R5210P,KTOE,DE	4.500 	9.644 	10.143 	10.777 	6.973 	5.071 	3.804 	0.000 	0.000 	0.000 	0.000 	0.000 
FC_TRA_ROAD_E,R5210P,KTOE,DK	0.000 	0.000 	0.000 	0.000 	0.000 	0.000 	0.000 	0.000 	0.000 	0.000 	0.000 	0.000 
FC_TRA_ROAD_E,R5210P,KTOE,EA19	4.500 	9.644 	10.143 	10.777 	6.973 	5.119 	3.819 	0.000 	0.000 	0.275 	0.559 	0.284 
FC_TRA_ROAD_E,R5210P,KTOE,EE	0.000 	0.000 	0.000 	0.000 	0.000 	0.000 	0.000 	0.000 	0.000 	0.000 	0.000 	0.000 
FC_TRA_ROAD_E,R5210P,KTOE,EL	0.000 	0.000 	0.000 	0.000 	0.000 	0.000 	0.000 	0.000 	0.000 	0.000 	0.000 	0.000 
FC_TRA_ROAD_E,R5210P,KTOE,ES	0.000 	0.000 	0.000 	0.000 	0.000 	0.048 	0.015 	0.000 	0.000 	0.275 	0.559 	0.284 
FC_TRA_ROAD_E,R5210P,KTOE,EU27_2020	16.194 	22.885 	27.815 	29.084 	25.119 	21.699 	20.967 	10.632 	7.615 	5.986 	3.732 	3.457 
FC_TRA_ROAD_E,R5210P,KTOE,FI	0.000 	0.000 	0.000 	0.000 	0.000 	0.000 	0.000 	0.000 	0.000 	0.000 	0.000 	0.000 
FC_TRA_ROAD_E,R5210P,KTOE,FR	0.000 	0.000 	0.000 	0.000 	0.000 	0.000 	0.000 	0.000 	0.000 	0.000 	0.000 	0.000 
FC_TRA_ROAD_E,R5210P,KTOE,GE	: 	: 	: 	: 	0.000 	0.000 	0.000 	0.000 	0.000 	0.000 	0.000 	0.000 
FC_TRA_ROAD_E,R5210P,KTOE,HR	0.000 	0.000 	0.000 	0.000 	0.000 	0.000 	0.000 	0.000 	0.000 	0.000 	0.000 	0.000 
FC_TRA_ROAD_E,R5210P,KTOE,HU	0.000 	0.000 	0.000 	0.000 	0.000 	0.000 	0.000 	0.000 	0.000 	0.000 	0.000 	0.000 
FC_TRA_ROAD_E,R5210P,KTOE,IE	0.000 	0.000 	0.000 	0.000 	0.000 	0.000 	0.000 	0.000 	0.000 	0.000 	0.000 	0.000 
FC_TRA_ROAD_E,R5210P,KTOE,IS	0.000 	0.000 	0.000 	0.000 	0.000 	0.000 	0.000 	0.000 	0.000 	0.000 	0.000 	0.000 
FC_TRA_ROAD_E,R5210P,KTOE,IT	0.000 	0.000 	0.000 	0.000 	0.000 	0.000 	0.000 	0.000 	0.000 	0.000 	0.000 	0.000 
FC_TRA_ROAD_E,R5210P,KTOE,LT	0.000 	0.000 	0.000 	0.000 	0.000 	0.000 	0.000 	0.000 	0.000 	0.000 	0.000 	0.000 
FC_TRA_ROAD_E,R5210P,KTOE,LU	0.000 	0.000 	0.000 	0.000 	0.000 	0.000 	0.000 	0.000 	0.000 	0.000 	0.000 	0.000 
FC_TRA_ROAD_E,R5210P,KTOE,LV	0.000 	0.000 	0.000 	0.000 	0.000 	0.000 	0.000 	0.000 	0.000 	0.000 	0.000 	0.000 
FC_TRA_ROAD_E,R5210P,KTOE,MD	: 	0.000 	0.000 	0.000 	0.000 	0.000 	0.000 	0.000 	0.000 	0.000 	0.000 	0.000 
FC_TRA_ROAD_E,R5210P,KTOE,ME	0.000 	0.000 	0.000 	0.000 	0.000 	0.000 	0.000 	0.000 	0.000 	0.000 	0.000 	0.000 
FC_TRA_ROAD_E,R5210P,KTOE,MK	0.000 	0.000 	0.000 	0.000 	0.000 	0.000 	0.000 	0.000 	0.000 	0.000 	0.000 	0.000 
FC_TRA_ROAD_E,R5210P,KTOE,MT	0.000 	0.000 	0.000 	0.000 	0.000 	0.000 	0.000 	0.000 	0.000 	0.000 	0.000 	0.000 
FC_TRA_ROAD_E,R5210P,KTOE,NL	0.000 	0.000 	0.000 	0.000 	0.000 	0.000 	0.000 	0.000 	0.000 	0.000 	0.000 	0.000 
FC_TRA_ROAD_E,R5210P,KTOE,NO	0.000 	0.000 	0.000 	0.000 	0.000 	0.000 	0.000 	0.000 	0.000 	0.000 	0.000 	0.000 
FC_TRA_ROAD_E,R5210P,KTOE,PL	0.000 	0.000 	0.000 	0.000 	0.000 	0.000 	0.000 	0.000 	0.000 	0.000 	0.000 	0.000 
FC_TRA_ROAD_E,R5210P,KTOE,PT	0.000 	0.000 	0.000 	0.000 	0.000 	0.000 	0.000 	0.000 	0.000 	0.000 	0.000 	0.000 
FC_TRA_ROAD_E,R5210P,KTOE,RO	0.000 	0.000 	0.000 	0.000 	0.000 	0.000 	0.000 	0.000 	0.000 	0.000 	0.000 	0.000 
FC_TRA_ROAD_E,R5210P,KTOE,RS	0.000 	0.000 	0.000 	0.000 	0.000 	0.000 	0.000 	0.000 	0.000 	0.000 	0.000 	0.000 
FC_TRA_ROAD_E,R5210P,KTOE,SE	11.694 	13.241 	17.672 	18.307 	18.146 	16.580 	17.148 	10.632 	7.615 	5.711 	3.173 	3.173 
FC_TRA_ROAD_E,R5210P,KTOE,SI	0.000 	0.000 	0.000 	0.000 	0.000 	0.000 	0.000 	0.000 	0.000 	0.000 	0.000 	0.000 
FC_TRA_ROAD_E,R5210P,KTOE,SK	0.000 	0.000 	0.000 	0.000 	0.000 	0.000 	0.000 	0.000 	0.000 	0.000 	0.000 	0.000 
FC_TRA_ROAD_E,R5210P,KTOE,TR	0.000 	0.000 	0.000 	0.000 	0.000 	0.000 	0.000 	0.000 	0.000 	0.000 	0.000 	0.000 
FC_TRA_ROAD_E,R5210P,KTOE,UA	0.000 	0.000 	0.000 	0.000 	0.000 	0.000 	0.000 	0.000 	0.000 	0.000 	0.000 	0.000 
FC_TRA_ROAD_E,R5210P,KTOE,UK	0.000 	0.000 	0.000 	0.000 	0.000 	0.000 	0.000 	0.000 	0.000 	0.000 	0.000 	: 
FC_TRA_ROAD_E,R5210P,KTOE,XK	0.000 	0.000 	0.000 	0.000 	0.000 	0.000 	0.000 	0.000 	0.000 	0.000 	0.000 	0.000 
FC_TRA_ROAD_E,R5220B,KTOE,AL	0.000 	0.000 	0.000 	0.000 	0.000 	25.815 	30.266 	81.896 	78.220 	111.272 	120.174 	102.371 
FC_TRA_ROAD_E,R5220B,KTOE,AT	315.580 	335.899 	330.218 	346.685 	363.002 	358.503 	372.962 	379.838 	378.882 	363.013 	361.390 	327.310 
FC_TRA_ROAD_E,R5220B,KTOE,BA	: 	: 	: 	: 	: 	0.000 	0.000 	0.000 	0.000 	0.000 	0.000 	0.000 
FC_TRA_ROAD_E,R5220B,KTOE,BE	114.320 	308.638 	297.733 	297.776 	295.458 	380.405 	220.759 	398.019 	381.774 	365.299 	355.854 	572.255 
FC_TRA_ROAD_E,R5220B,KTOE,BG	3.486 	10.457 	17.186 	85.928 	94.973 	95.878 	113.968 	130.249 	139.594 	135.032 	147.614 	145.550 
FC_TRA_ROAD_E,R5220B,KTOE,CY	15.023 	15.023 	15.907 	15.907 	15.023 	9.721 	9.721 	8.837 	8.570 	8.950 	10.739 	24.763 
FC_TRA_ROAD_E,R5220B,KTOE,CZ	136.094 	173.211 	239.491 	219.165 	223.584 	250.979 	233.305 	245.677 	248.328 	242.142 	262.468 	302.236 
FC_TRA_ROAD_E,R5220B,KTOE,DE	1776.113 	1821.358 	1890.838 	1971.569 	1845.967 	1932.514 	1772.160 	1775.084 	1811.086 	1898.726 	1886.066 	2556.480 
FC_TRA_ROAD_E,R5220B,KTOE,DK	3.583 	0.000 	83.298 	155.847 	162.117 	168.707 	170.261 	173.465 	171.837 	170.982 	182.662 	171.719 
FC_TRA_ROAD_E,R5220B,KTOE,EA19	7062.523 	7879.829 	8326.582 	9001.835 	7770.121 	8449.742 	8289.972 	8031.292 	8671.195 	9440.938 	9647.199 	9705.140 
FC_TRA_ROAD_E,R5220B,KTOE,EE	1.665 	3.258 	0.656 	0.000 	0.000 	0.000 	0.000 	0.000 	1.511 	12.574 	20.023 	32.739 
FC_TRA_ROAD_E,R5220B,KTOE,EL	76.001 	124.606 	103.396 	103.396 	120.417 	130.964 	138.875 	146.785 	163.554 	156.723 	160.412 	136.409 
FC_TRA_ROAD_E,R5220B,KTOE,ES	932.905 	1220.861 	1515.176 	1887.611 	731.245 	776.664 	789.415 	977.822 	1131.840 	1480.198 	1466.477 	1276.823 
FC_TRA_ROAD_E,R5220B,KTOE,EU27_2020	7880.470 	8872.431 	9621.740 	10540.929 	9396.542 	10181.634 	10104.200 	9887.331 	10716.912 	11980.808 	12452.550 	12686.934 
FC_TRA_ROAD_E,R5220B,KTOE,FI	58.713 	62.590 	109.256 	102.871 	155.966 	426.232 	430.278 	108.860 	310.118 	281.465 	338.518 	301.490 
FC_TRA_ROAD_E,R5220B,KTOE,FR	2059.974 	2021.018 	2047.912 	2274.944 	2311.328 	2529.766 	2565.168 	2508.668 	2584.113 	2535.158 	2524.663 	2070.915 
FC_TRA_ROAD_E,R5220B,KTOE,GE	: 	: 	: 	: 	0.000 	0.000 	0.000 	0.000 	0.000 	0.000 	0.000 	0.000 
FC_TRA_ROAD_E,R5220B,KTOE,HR	5.288 	2.644 	2.666 	27.556 	22.392 	13.450 	16.896 	0.000 	0.000 	26.231 	61.392 	64.646 
FC_TRA_ROAD_E,R5220B,KTOE,HU	122.707 	118.229 	104.794 	103.002 	105.689 	128.081 	132.559 	143.308 	119.124 	142.412 	156.743 	195.257 
FC_TRA_ROAD_E,R5220B,KTOE,IE	53.317 	60.147 	68.226 	56.219 	73.682 	89.613 	98.327 	85.770 	131.104 	127.033 	161.980 	155.137 
FC_TRA_ROAD_E,R5220B,KTOE,IS	0.000 	0.000 	0.000 	0.000 	2.045 	2.045 	12.267 	11.838 	13.619 	15.965 	15.463 	13.486 
FC_TRA_ROAD_E,R5220B,KTOE,IT	1051.638 	1297.315 	1286.711 	1262.850 	1178.012 	1055.173 	1141.779 	1008.336 	1028.682 	1217.077 	1245.660 	1245.077 
FC_TRA_ROAD_E,R5220B,KTOE,LT	38.000 	34.465 	35.349 	49.489 	49.489 	54.791 	56.559 	48.605 	61.596 	67.959 	63.629 	84.750 
FC_TRA_ROAD_E,R5220B,KTOE,LU	41.138 	41.269 	40.289 	46.886 	54.241 	67.318 	75.980 	80.393 	106.469 	112.656 	112.360 	128.416 
FC_TRA_ROAD_E,R5220B,KTOE,LV	1.777 	18.659 	15.105 	11.551 	11.551 	14.216 	13.328 	0.889 	0.663 	27.500 	26.297 	31.344 
FC_TRA_ROAD_E,R5220B,KTOE,MD	: 	0.000 	0.000 	0.000 	0.000 	0.000 	0.000 	0.000 	0.000 	0.000 	0.000 	0.000 
FC_TRA_ROAD_E,R5220B,KTOE,ME	0.000 	0.000 	0.000 	0.000 	0.000 	0.000 	0.000 	0.000 	0.000 	0.000 	0.000 	0.000 
FC_TRA_ROAD_E,R5220B,KTOE,MK	1.889 	0.437 	0.288 	0.226 	0.902 	0.311 	0.317 	0.072 	0.125 	0.087 	0.091 	0.060 
FC_TRA_ROAD_E,R5220B,KTOE,MT	0.000 	0.000 	0.884 	1.767 	3.764 	5.646 	5.646 	6.587 	7.368 	10.141 	10.891 	13.305 
FC_TRA_ROAD_E,R5220B,KTOE,NL	235.072 	94.559 	172.327 	187.351 	173.211 	220.049 	155.536 	118.420 	177.382 	327.835 	413.846 	299.069 
FC_TRA_ROAD_E,R5220B,KTOE,NO	92.290 	111.414 	107.209 	123.328 	117.276 	118.144 	131.071 	279.090 	463.793 	331.251 	418.996 	339.852 
FC_TRA_ROAD_E,R5220B,KTOE,PL	387.045 	486.099 	535.626 	635.598 	597.898 	563.820 	498.424 	285.445 	428.681 	738.752 	797.285 	837.131 
FC_TRA_ROAD_E,R5220B,KTOE,PT	203.258 	304.887 	287.212 	266.003 	253.630 	252.747 	299.584 	235.072 	235.761 	250.293 	260.438 	234.307 
FC_TRA_ROAD_E,R5220B,KTOE,RO	38.000 	67.163 	138.746 	83.835 	96.685 	90.532 	95.806 	164.364 	182.026 	201.684 	270.426 	339.039 
FC_TRA_ROAD_E,R5220B,KTOE,RS	0.000 	0.000 	0.000 	0.000 	0.000 	0.000 	0.000 	0.000 	0.000 	0.000 	0.000 	0.000 
FC_TRA_ROAD_E,R5220B,KTOE,SE	121.744 	134.799 	173.351 	228.163 	323.083 	420.445 	553.009 	713.531 	756.127 	882.635 	926.761 	926.216 
FC_TRA_ROAD_E,R5220B,KTOE,SI	28.203 	41.423 	31.728 	45.830 	52.880 	36.135 	22.915 	14.101 	20.819 	65.981 	90.838 	85.246 
FC_TRA_ROAD_E,R5220B,KTOE,SK	59.826 	73.854 	77.659 	73.130 	81.255 	109.285 	120.980 	129.206 	129.903 	132.357 	137.118 	129.305 
FC_TRA_ROAD_E,R5220B,KTOE,TR	0.884 	6.186 	10.605 	67.163 	350.841 	102.513 	70.042 	60.380 	63.211 	102.835 	114.156 	48.615 
FC_TRA_ROAD_E,R5220B,KTOE,UA	0.000 	0.000 	0.000 	0.000 	0.000 	0.000 	0.000 	0.000 	0.000 	0.000 	0.000 	0.000 
FC_TRA_ROAD_E,R5220B,KTOE,UK	825.223 	829.665 	731.064 	500.997 	605.815 	754.160 	528.534 	559.624 	542.747 	881.186 	1266.705 	: 
FC_TRA_ROAD_E,R5220B,KTOE,XK	0.000 	0.000 	0.000 	0.000 	0.000 	0.000 	0.000 	0.000 	0.000 	0.000 	0.000 	0.000 
FC_TRA_ROAD_E,R5220P,KTOE,AL	0.000 	0.000 	0.000 	0.000 	0.000 	0.000 	0.000 	0.000 	0.000 	0.000 	0.000 	0.000 
FC_TRA_ROAD_E,R5220P,KTOE,AT	114.368 	78.150 	87.668 	64.149 	70.824 	172.452 	218.350 	104.192 	41.226 	70.690 	64.340 	24.862 
FC_TRA_ROAD_E,R5220P,KTOE,BA	: 	: 	: 	: 	: 	0.000 	0.000 	0.000 	0.000 	0.000 	0.000 	0.000 
FC_TRA_ROAD_E,R5220P,KTOE,BE	0.000 	0.000 	0.000 	0.000 	0.000 	0.000 	0.000 	0.000 	0.000 	0.000 	0.000 	0.000 
FC_TRA_ROAD_E,R5220P,KTOE,BG	0.000 	0.000 	0.000 	0.000 	0.000 	0.000 	0.000 	0.000 	0.000 	0.000 	0.000 	0.000 
FC_TRA_ROAD_E,R5220P,KTOE,CY	0.000 	0.000 	0.000 	0.000 	0.000 	0.000 	0.000 	0.000 	0.000 	0.000 	0.000 	0.000 
FC_TRA_ROAD_E,R5220P,KTOE,CZ	0.000 	0.000 	0.000 	0.000 	0.000 	0.000 	0.000 	0.000 	0.000 	0.000 	0.000 	0.000 
FC_TRA_ROAD_E,R5220P,KTOE,DE	184.531 	245.746 	81.250 	122.139 	24.744 	1.815 	1.793 	0.896 	5.314 	3.541 	1.773 	4.554 
FC_TRA_ROAD_E,R5220P,KTOE,DK	0.000 	0.000 	0.000 	0.000 	0.000 	0.000 	0.000 	0.000 	0.000 	0.000 	0.000 	0.000 
FC_TRA_ROAD_E,R5220P,KTOE,EA19	300.231 	326.776 	169.673 	187.218 	96.839 	181.921 	224.231 	109.205 	63.134 	119.862 	96.738 	65.763 
FC_TRA_ROAD_E,R5220P,KTOE,EE	0.000 	0.000 	0.000 	0.000 	0.000 	0.000 	0.000 	0.000 	0.000 	0.000 	0.000 	0.000 
FC_TRA_ROAD_E,R5220P,KTOE,EL	0.000 	0.000 	0.000 	0.000 	0.000 	0.000 	0.000 	0.000 	0.000 	0.000 	0.000 	0.000 
FC_TRA_ROAD_E,R5220P,KTOE,ES	0.000 	0.000 	0.000 	0.000 	0.000 	6.129 	3.061 	4.117 	14.534 	41.416 	28.777 	34.934 
FC_TRA_ROAD_E,R5220P,KTOE,EU27_2020	510.852 	551.965 	415.654 	300.968 	197.469 	358.673 	416.441 	326.283 	501.443 	488.571 	458.783 	425.144 
FC_TRA_ROAD_E,R5220P,KTOE,FI	0.000 	0.000 	0.000 	0.000 	0.000 	0.000 	0.000 	0.000 	0.000 	0.000 	0.000 	0.000 
FC_TRA_ROAD_E,R5220P,KTOE,FR	0.000 	0.000 	0.000 	0.000 	0.000 	0.000 	0.000 	0.000 	0.000 	0.000 	0.000 	0.000 
FC_TRA_ROAD_E,R5220P,KTOE,GE	: 	: 	: 	: 	0.000 	0.000 	0.000 	0.000 	0.000 	0.000 	0.237 	0.107 
FC_TRA_ROAD_E,R5220P,KTOE,HR	0.000 	0.000 	0.000 	8.110 	9.069 	16.375 	7.390 	0.853 	0.329 	0.369 	0.233 	0.161 
FC_TRA_ROAD_E,R5220P,KTOE,HU	0.000 	0.000 	0.000 	0.000 	0.000 	0.000 	0.000 	0.000 	0.000 	0.000 	0.000 	0.000 
FC_TRA_ROAD_E,R5220P,KTOE,IE	1.332 	2.344 	0.120 	0.085 	0.052 	0.000 	0.000 	0.000 	0.000 	0.000 	0.000 	0.000 
FC_TRA_ROAD_E,R5220P,KTOE,IS	0.000 	0.000 	0.000 	0.000 	0.000 	0.000 	0.000 	0.000 	0.000 	0.000 	0.000 	0.000 
FC_TRA_ROAD_E,R5220P,KTOE,IT	0.000 	0.000 	0.000 	0.000 	0.000 	0.000 	0.000 	0.000 	0.000 	0.000 	0.000 	0.000 
FC_TRA_ROAD_E,R5220P,KTOE,LT	0.000 	0.000 	0.000 	0.000 	0.000 	0.000 	0.000 	0.000 	0.000 	0.000 	0.000 	0.000 
FC_TRA_ROAD_E,R5220P,KTOE,LU	0.000 	0.000 	0.000 	0.000 	0.000 	0.000 	0.000 	0.000 	0.000 	0.000 	0.000 	0.000 
FC_TRA_ROAD_E,R5220P,KTOE,LV	0.000 	0.000 	0.000 	0.000 	0.000 	0.000 	0.000 	0.000 	0.000 	0.000 	0.000 	0.000 
FC_TRA_ROAD_E,R5220P,KTOE,MD	: 	0.000 	0.000 	0.000 	0.000 	0.000 	0.000 	0.000 	0.000 	0.000 	0.000 	0.000 
FC_TRA_ROAD_E,R5220P,KTOE,ME	0.000 	0.000 	0.000 	0.000 	0.000 	0.000 	0.000 	0.000 	0.000 	0.000 	0.000 	0.000 
FC_TRA_ROAD_E,R5220P,KTOE,MK	0.000 	0.000 	0.000 	0.000 	0.000 	0.000 	0.000 	0.000 	0.000 	0.000 	0.000 	0.000 
FC_TRA_ROAD_E,R5220P,KTOE,MT	0.000 	0.536 	0.635 	0.845 	1.219 	1.525 	1.027 	0.000 	0.000 	0.000 	0.000 	0.000 
FC_TRA_ROAD_E,R5220P,KTOE,NL	0.000 	0.000 	0.000 	0.000 	0.000 	0.000 	0.000 	0.000 	0.000 	0.000 	0.000 	0.000 
FC_TRA_ROAD_E,R5220P,KTOE,NO	0.000 	0.000 	0.000 	0.000 	0.000 	0.000 	0.000 	0.000 	0.000 	0.000 	0.000 	0.000 
FC_TRA_ROAD_E,R5220P,KTOE,PL	80.485 	211.693 	219.203 	33.367 	5.508 	8.705 	1.522 	4.303 	0.046 	0.813 	40.500 	19.385 
FC_TRA_ROAD_E,R5220P,KTOE,PT	0.000 	0.000 	0.000 	0.000 	0.000 	0.000 	0.000 	0.000 	2.060 	4.215 	1.848 	1.413 
FC_TRA_ROAD_E,R5220P,KTOE,RO	122.363 	1.845 	9.523 	44.423 	51.068 	34.511 	45.222 	11.501 	24.133 	4.949 	44.106 	52.585 
FC_TRA_ROAD_E,R5220P,KTOE,RS	0.000 	0.000 	0.000 	0.000 	0.000 	0.000 	0.000 	0.000 	0.000 	0.000 	0.000 	0.000 
FC_TRA_ROAD_E,R5220P,KTOE,SE	7.773 	11.651 	17.255 	27.850 	34.985 	117.161 	138.076 	200.421 	413.801 	362.578 	277.206 	287.250 
FC_TRA_ROAD_E,R5220P,KTOE,SI	0.000 	0.000 	0.000 	0.000 	0.000 	0.000 	0.000 	0.000 	0.000 	0.000 	0.000 	0.000 
FC_TRA_ROAD_E,R5220P,KTOE,SK	0.000 	0.000 	0.000 	0.000 	0.000 	0.000 	0.000 	0.000 	0.000 	0.000 	0.000 	0.000 
FC_TRA_ROAD_E,R5220P,KTOE,TR	0.000 	0.000 	0.000 	0.000 	0.000 	0.000 	0.000 	0.000 	0.000 	0.000 	0.000 	0.000 
FC_TRA_ROAD_E,R5220P,KTOE,UA	0.000 	0.000 	0.000 	0.000 	0.000 	0.000 	0.000 	0.000 	0.000 	0.000 	0.000 	0.000 
FC_TRA_ROAD_E,R5220P,KTOE,UK	0.000 	0.000 	0.000 	0.000 	0.000 	0.000 	0.000 	0.000 	0.000 	0.000 	0.000 	: 
FC_TRA_ROAD_E,R5220P,KTOE,XK	0.000 	0.000 	0.000 	0.000 	0.000 	0.000 	0.000 	0.000 	0.000 	0.000 	0.000 	0.000 
FC_TRA_ROAD_E,R5290,KTOE,AL	0.000 	0.000 	0.000 	0.000 	0.000 	0.000 	0.000 	0.000 	0.000 	0.000 	0.000 	0.000 
FC_TRA_ROAD_E,R5290,KTOE,AT	0.000 	0.000 	0.000 	0.000 	0.000 	0.000 	0.000 	0.000 	0.000 	0.000 	0.000 	0.000 
FC_TRA_ROAD_E,R5290,KTOE,BA	: 	: 	: 	: 	: 	0.000 	0.000 	0.000 	0.000 	0.000 	0.000 	0.000 
FC_TRA_ROAD_E,R5290,KTOE,BE	0.000 	0.000 	0.000 	0.000 	0.000 	0.000 	0.000 	0.000 	0.000 	0.000 	0.000 	0.000 
FC_TRA_ROAD_E,R5290,KTOE,BG	0.261 	2.952 	0.000 	0.000 	0.000 	0.000 	0.000 	0.000 	0.000 	0.000 	0.000 	0.000 
FC_TRA_ROAD_E,R5290,KTOE,CY	0.000 	0.000 	0.000 	0.000 	0.000 	0.000 	0.000 	0.000 	0.000 	0.000 	0.000 	0.000 
FC_TRA_ROAD_E,R5290,KTOE,CZ	0.000 	0.000 	0.000 	0.000 	0.000 	0.000 	0.000 	0.000 	0.000 	0.000 	0.000 	0.000 
FC_TRA_ROAD_E,R5290,KTOE,DE	71.189 	44.260 	12.208 	11.541 	0.000 	2.956 	0.607 	1.602 	1.650 	0.667 	1.286 	0.683 
FC_TRA_ROAD_E,R5290,KTOE,DK	0.000 	0.000 	0.000 	0.000 	0.000 	0.000 	0.000 	0.000 	0.000 	0.000 	0.000 	0.000 
FC_TRA_ROAD_E,R5290,KTOE,EA19	75.702 	48.868 	16.481 	15.939 	4.139 	7.797 	3.891 	3.880 	1.689 	0.686 	1.305 	0.705 
FC_TRA_ROAD_E,R5290,KTOE,EE	0.000 	0.000 	0.000 	0.000 	0.000 	0.000 	0.000 	0.000 	0.000 	0.000 	0.000 	0.000 
FC_TRA_ROAD_E,R5290,KTOE,EL	0.000 	0.000 	0.000 	0.000 	0.000 	0.000 	0.000 	0.000 	0.000 	0.000 	0.000 	0.000 
FC_TRA_ROAD_E,R5290,KTOE,ES	0.000 	0.000 	0.000 	0.000 	0.000 	0.000 	0.000 	0.000 	0.000 	0.000 	0.000 	0.000 
FC_TRA_ROAD_E,R5290,KTOE,EU27_2020	75.963 	51.820 	16.481 	15.939 	4.139 	7.797 	3.891 	3.880 	1.689 	0.686 	1.305 	0.705 
FC_TRA_ROAD_E,R5290,KTOE,FI	0.000 	0.000 	0.000 	0.000 	0.000 	0.000 	0.000 	0.000 	0.000 	0.000 	0.000 	0.000 
FC_TRA_ROAD_E,R5290,KTOE,FR	0.000 	0.000 	0.000 	0.000 	0.000 	0.000 	0.000 	0.000 	0.000 	0.000 	0.000 	0.000 
FC_TRA_ROAD_E,R5290,KTOE,GE	: 	: 	: 	: 	0.000 	0.000 	0.000 	0.000 	0.000 	0.000 	0.000 	0.000 
FC_TRA_ROAD_E,R5290,KTOE,HR	0.000 	0.000 	0.000 	0.000 	0.000 	0.000 	0.000 	0.000 	0.000 	0.000 	0.000 	0.000 
FC_TRA_ROAD_E,R5290,KTOE,HU	0.000 	0.000 	0.000 	0.000 	0.000 	0.000 	0.000 	0.000 	0.000 	0.000 	0.000 	0.000 
FC_TRA_ROAD_E,R5290,KTOE,IE	0.000 	0.000 	0.000 	0.000 	0.000 	0.000 	0.000 	0.000 	0.000 	0.000 	0.000 	0.000 
FC_TRA_ROAD_E,R5290,KTOE,IS	0.000 	0.000 	0.000 	0.000 	0.000 	0.000 	0.000 	0.000 	0.000 	0.000 	0.000 	0.000 
FC_TRA_ROAD_E,R5290,KTOE,IT	0.000 	0.000 	0.000 	0.000 	0.000 	0.000 	0.000 	0.000 	0.000 	0.000 	0.000 	0.000 
FC_TRA_ROAD_E,R5290,KTOE,LT	0.000 	0.000 	0.000 	0.000 	0.000 	0.000 	0.000 	0.000 	0.000 	0.000 	0.000 	0.000 
FC_TRA_ROAD_E,R5290,KTOE,LU	0.559 	0.364 	0.177 	0.220 	0.169 	0.126 	0.058 	0.051 	0.039 	0.019 	0.019 	0.022 
FC_TRA_ROAD_E,R5290,KTOE,LV	0.000 	0.000 	0.000 	0.000 	0.000 	0.000 	0.000 	0.000 	0.000 	0.000 	0.000 	0.000 
FC_TRA_ROAD_E,R5290,KTOE,MD	: 	0.000 	0.000 	0.000 	0.000 	0.000 	0.000 	0.000 	0.000 	0.000 	0.000 	0.000 
FC_TRA_ROAD_E,R5290,KTOE,ME	0.000 	0.000 	0.000 	0.000 	0.000 	0.000 	0.000 	0.000 	0.000 	0.000 	0.000 	0.000 
FC_TRA_ROAD_E,R5290,KTOE,MK	0.000 	0.000 	0.000 	0.000 	0.000 	0.000 	0.000 	0.000 	0.000 	0.000 	0.000 	0.000 
FC_TRA_ROAD_E,R5290,KTOE,MT	0.000 	0.000 	0.000 	0.000 	0.000 	0.000 	0.000 	0.000 	0.000 	0.000 	0.000 	0.000 
FC_TRA_ROAD_E,R5290,KTOE,NL	0.000 	0.000 	0.000 	0.000 	0.000 	0.000 	0.000 	0.000 	0.000 	0.000 	0.000 	0.000 
FC_TRA_ROAD_E,R5290,KTOE,NO	1.971 	0.000 	0.000 	0.000 	0.000 	0.000 	0.000 	0.000 	0.000 	0.000 	0.000 	0.000 
FC_TRA_ROAD_E,R5290,KTOE,PL	0.000 	0.000 	0.000 	0.000 	0.000 	0.000 	0.000 	0.000 	0.000 	0.000 	0.000 	0.000 
FC_TRA_ROAD_E,R5290,KTOE,PT	3.954 	4.244 	4.096 	4.178 	3.970 	4.715 	3.226 	2.227 	0.000 	0.000 	0.000 	0.000 
FC_TRA_ROAD_E,R5290,KTOE,RO	0.000 	0.000 	0.000 	0.000 	0.000 	0.000 	0.000 	0.000 	0.000 	0.000 	0.000 	0.000 
FC_TRA_ROAD_E,R5290,KTOE,RS	0.000 	0.000 	0.000 	0.000 	0.000 	0.000 	0.000 	0.000 	0.000 	0.000 	0.000 	0.000 
FC_TRA_ROAD_E,R5290,KTOE,SE	0.000 	0.000 	0.000 	0.000 	0.000 	0.000 	0.000 	0.000 	0.000 	0.000 	0.000 	0.000 
FC_TRA_ROAD_E,R5290,KTOE,SI	0.000 	0.000 	0.000 	0.000 	0.000 	0.000 	0.000 	0.000 	0.000 	0.000 	0.000 	0.000 
FC_TRA_ROAD_E,R5290,KTOE,SK	0.000 	0.000 	0.000 	0.000 	0.000 	0.000 	0.000 	0.000 	0.000 	0.000 	0.000 	0.000 
FC_TRA_ROAD_E,R5290,KTOE,TR	0.000 	0.000 	0.000 	0.000 	0.000 	0.000 	0.000 	0.000 	0.000 	0.000 	0.000 	0.000 
FC_TRA_ROAD_E,R5290,KTOE,UA	0.000 	0.000 	0.000 	0.000 	0.000 	0.000 	0.000 	0.000 	0.000 	0.000 	0.000 	0.000 
FC_TRA_ROAD_E,R5290,KTOE,UK	0.000 	0.000 	0.000 	0.000 	0.000 	0.000 	0.000 	0.000 	0.000 	0.000 	0.000 	: 
FC_TRA_ROAD_E,R5290,KTOE,XK	0.000 	0.000 	0.000 	0.000 	0.000 	0.000 	0.000 	0.000 	0.000 	0.000 	0.000 	0.000 
FC_TRA_ROAD_E,R5300,KTOE,AL	0.000 	0.000 	0.000 	0.000 	0.000 	0.000 	0.000 	0.000 	0.000 	0.000 	0.000 	0.000 
FC_TRA_ROAD_E,R5300,KTOE,AT	0.001 	0.002 	0.007 	0.011 	0.018 	0.548 	0.416 	0.408 	0.256 	0.367 	0.381 	0.334 
FC_TRA_ROAD_E,R5300,KTOE,BA	: 	: 	: 	: 	: 	0.000 	0.000 	0.000 	0.000 	0.000 	0.000 	0.000 
FC_TRA_ROAD_E,R5300,KTOE,BE	0.000 	0.000 	0.000 	0.000 	0.000 	0.000 	0.000 	0.000 	0.000 	0.000 	0.000 	0.000 
FC_TRA_ROAD_E,R5300,KTOE,BG	0.000 	0.000 	0.000 	0.000 	0.000 	0.000 	0.000 	0.000 	0.000 	0.000 	0.000 	0.000 
FC_TRA_ROAD_E,R5300,KTOE,CY	0.000 	0.000 	0.000 	0.000 	0.000 	0.000 	0.000 	0.000 	0.000 	0.000 	0.000 	0.000 
FC_TRA_ROAD_E,R5300,KTOE,CZ	0.000 	0.000 	0.000 	0.000 	0.000 	0.000 	0.000 	0.000 	0.000 	0.000 	0.000 	1.177 
FC_TRA_ROAD_E,R5300,KTOE,DE	1.123 	6.449 	7.954 	28.662 	41.488 	38.621 	29.665 	32.555 	38.287 	33.415 	56.798 	75.977 
FC_TRA_ROAD_E,R5300,KTOE,DK	0.000 	0.000 	0.000 	0.000 	0.000 	0.000 	0.000 	0.000 	0.000 	0.000 	0.000 	0.000 
FC_TRA_ROAD_E,R5300,KTOE,EA19	1.148 	6.523 	8.057 	28.769 	41.626 	39.360 	30.272 	33.178 	38.901 	34.785 	63.914 	88.802 
FC_TRA_ROAD_E,R5300,KTOE,EE	0.000 	0.000 	0.000 	0.000 	0.000 	0.000 	0.000 	0.000 	0.000 	0.000 	5.159 	8.383 
FC_TRA_ROAD_E,R5300,KTOE,EL	0.000 	0.000 	0.000 	0.000 	0.000 	0.000 	0.000 	0.000 	0.000 	0.000 	0.000 	0.000 
FC_TRA_ROAD_E,R5300,KTOE,ES	0.000 	0.000 	0.000 	0.000 	0.000 	0.000 	0.000 	0.000 	0.000 	0.000 	0.000 	0.000 
FC_TRA_ROAD_E,R5300,KTOE,EU27_2020	22.286 	27.661 	70.706 	98.273 	116.576 	122.908 	127.291 	132.060 	150.012 	153.253 	160.670 	178.256 
FC_TRA_ROAD_E,R5300,KTOE,FI	0.024 	0.048 	0.072 	0.072 	0.096 	0.167 	0.167 	0.191 	0.334 	0.979 	1.552 	4.084 
FC_TRA_ROAD_E,R5300,KTOE,FR	0.000 	0.000 	0.000 	0.000 	0.000 	0.000 	0.000 	0.000 	0.000 	0.000 	0.000 	0.000 
FC_TRA_ROAD_E,R5300,KTOE,GE	: 	: 	: 	: 	0.000 	0.000 	0.000 	0.000 	0.000 	0.000 	0.000 	0.000 
FC_TRA_ROAD_E,R5300,KTOE,HR	0.000 	0.000 	0.000 	0.000 	0.000 	0.000 	0.000 	0.000 	0.000 	0.000 	0.000 	0.000 
FC_TRA_ROAD_E,R5300,KTOE,HU	0.000 	0.000 	0.000 	0.000 	0.000 	0.000 	0.000 	0.000 	0.000 	0.000 	0.000 	0.000 
FC_TRA_ROAD_E,R5300,KTOE,IE	0.000 	0.000 	0.000 	0.000 	0.000 	0.000 	0.000 	0.000 	0.000 	0.000 	0.000 	0.000 
FC_TRA_ROAD_E,R5300,KTOE,IS	0.382 	0.525 	1.146 	1.744 	1.696 	1.696 	1.648 	1.696 	1.803 	1.808 	1.282 	1.719 
FC_TRA_ROAD_E,R5300,KTOE,IT	0.000 	0.024 	0.024 	0.024 	0.024 	0.024 	0.024 	0.024 	0.024 	0.024 	0.024 	0.024 
FC_TRA_ROAD_E,R5300,KTOE,LT	0.000 	0.000 	0.000 	0.000 	0.000 	0.000 	0.000 	0.000 	0.000 	0.000 	0.000 	0.000 
FC_TRA_ROAD_E,R5300,KTOE,LU	0.000 	0.000 	0.000 	0.000 	0.000 	0.000 	0.000 	0.000 	0.000 	0.000 	0.000 	0.000 
FC_TRA_ROAD_E,R5300,KTOE,LV	0.000 	0.000 	0.000 	0.000 	0.000 	0.000 	0.000 	0.000 	0.000 	0.000 	0.000 	0.000 
FC_TRA_ROAD_E,R5300,KTOE,MD	: 	0.000 	0.000 	0.000 	0.000 	0.000 	0.000 	0.000 	0.000 	0.000 	0.000 	0.000 
FC_TRA_ROAD_E,R5300,KTOE,ME	0.000 	0.000 	0.000 	0.000 	0.000 	0.000 	0.000 	0.000 	0.000 	0.000 	0.000 	0.000 
FC_TRA_ROAD_E,R5300,KTOE,MK	0.000 	0.000 	0.000 	0.000 	0.000 	0.000 	0.000 	0.000 	0.000 	0.000 	0.000 	0.000 
FC_TRA_ROAD_E,R5300,KTOE,MT	0.000 	0.000 	0.000 	0.000 	0.000 	0.000 	0.000 	0.000 	0.000 	0.000 	0.000 	0.000 
FC_TRA_ROAD_E,R5300,KTOE,NL	0.000 	0.000 	0.000 	0.000 	0.000 	0.000 	0.000 	0.000 	0.000 	0.000 	0.000 	0.000 
FC_TRA_ROAD_E,R5300,KTOE,NO	0.000 	0.000 	0.000 	0.000 	0.000 	0.000 	9.554 	9.554 	10.151 	18.824 	24.291 	19.992 
FC_TRA_ROAD_E,R5300,KTOE,PL	0.000 	0.000 	0.000 	0.000 	0.000 	0.000 	0.000 	0.000 	0.000 	0.000 	0.000 	0.000 
FC_TRA_ROAD_E,R5300,KTOE,PT	0.000 	0.000 	0.000 	0.000 	0.000 	0.000 	0.000 	0.000 	0.000 	0.000 	0.000 	0.000 
FC_TRA_ROAD_E,R5300,KTOE,RO	0.000 	0.000 	0.000 	0.000 	0.000 	0.000 	0.000 	0.000 	0.000 	0.000 	0.000 	0.000 
FC_TRA_ROAD_E,R5300,KTOE,RS	0.000 	0.000 	0.000 	0.000 	0.000 	0.000 	0.000 	0.000 	0.000 	0.000 	0.000 	0.000 
FC_TRA_ROAD_E,R5300,KTOE,SE	21.138 	21.138 	62.649 	69.504 	74.950 	83.548 	97.019 	98.882 	111.111 	118.468 	96.756 	88.277 
FC_TRA_ROAD_E,R5300,KTOE,SI	0.000 	0.000 	0.000 	0.000 	0.000 	0.000 	0.000 	0.000 	0.000 	0.000 	0.000 	0.000 
FC_TRA_ROAD_E,R5300,KTOE,SK	0.000 	0.000 	0.000 	0.000 	0.000 	0.000 	0.000 	0.000 	0.000 	0.000 	0.000 	0.000 
FC_TRA_ROAD_E,R5300,KTOE,TR	0.000 	0.000 	0.000 	0.000 	0.000 	0.000 	0.000 	0.000 	0.000 	0.000 	0.000 	0.000 
FC_TRA_ROAD_E,R5300,KTOE,UA	0.000 	0.000 	0.000 	0.000 	0.000 	0.000 	0.000 	0.000 	0.000 	0.000 	0.000 	0.000 
FC_TRA_ROAD_E,R5300,KTOE,UK	0.000 	0.000 	0.000 	0.000 	0.000 	0.000 	0.000 	0.000 	0.000 	0.000 	0.000 	: 
FC_TRA_ROAD_E,R5300,KTOE,XK	0.000 	0.000 	0.000 	0.000 	0.000 	0.000 	0.000 	0.000 	0.000 	0.000 	0.000 	0.000 
FC_TRA_ROAD_E,TOTAL,KTOE,AL	740.795 	720.092 	744.498 	715.555 	768.103 	796.985 	793.366 	795.584 	793.879 	792.394 	795.445 	567.234 
FC_TRA_ROAD_E,TOTAL,KTOE,AT	7333.505 	7584.356 	7263.250 	7236.271 	7676.793 	7653.066 	7855.605 	7995.950 	8083.019 	8213.522 	8230.658 	7170.359 
FC_TRA_ROAD_E,TOTAL,KTOE,BA	: 	: 	: 	: 	: 	982.027 	1023.152 	1190.635 	1242.385 	1233.196 	1317.078 	1190.745 
FC_TRA_ROAD_E,TOTAL,KTOE,BE	8612.727 	8543.620 	8417.670 	8170.183 	8014.042 	8193.320 	8575.291 	8669.418 	8515.745 	8558.537 	8489.284 	7407.815 
FC_TRA_ROAD_E,TOTAL,KTOE,BG	2544.585 	2490.607 	2492.135 	2654.852 	2391.974 	2708.227 	3009.751 	3066.105 	3091.867 	3181.429 	3306.074 	3127.808 
FC_TRA_ROAD_E,TOTAL,KTOE,CY	749.520 	765.447 	744.315 	687.941 	619.936 	599.542 	621.949 	658.147 	678.556 	682.220 	690.006 	615.593 
FC_TRA_ROAD_E,TOTAL,KTOE,CZ	5884.230 	5587.884 	5600.342 	5500.980 	5458.469 	5673.195 	5903.450 	6143.279 	6316.771 	6375.730 	6474.617 	6084.678 
FC_TRA_ROAD_E,TOTAL,KTOE,DE	49655.003 	50242.592 	50818.840 	50482.861 	51557.692 	52673.314 	52416.756 	53742.518 	54584.037 	52642.431 	53206.645 	48779.505 
FC_TRA_ROAD_E,TOTAL,KTOE,DK	4027.912 	4021.389 	4004.927 	3743.174 	3676.512 	3740.246 	3884.004 	3949.809 	3933.573 	4028.200 	3962.257 	3688.103 
FC_TRA_ROAD_E,TOTAL,KTOE,EA19	215328.161 	214683.522 	213438.254 	204972.993 	204955.169 	207917.819 	209241.087 	212087.828 	213238.270 	213154.021 	214572.149 	185671.680 
FC_TRA_ROAD_E,TOTAL,KTOE,EE	663.071 	689.401 	703.740 	717.553 	703.975 	711.176 	730.778 	752.893 	777.710 	807.271 	810.926 	770.335 
FC_TRA_ROAD_E,TOTAL,KTOE,EL	7131.907 	6486.109 	5936.976 	4831.004 	4956.191 	4925.351 	4976.118 	5092.677 	4992.087 	5002.363 	5151.987 	4515.195 
FC_TRA_ROAD_E,TOTAL,KTOE,ES	30619.575 	29805.718 	28552.491 	25347.328 	25369.367 	25740.040 	26616.311 	27441.660 	28052.814 	28735.907 	28993.302 	23972.362 
FC_TRA_ROAD_E,TOTAL,KTOE,EU27_2020	261201.759 	260615.353 	259458.290 	249801.892 	247974.954 	252176.992 	255594.123 	261187.123 	266227.676 	267459.323 	270043.353 	238218.254 
FC_TRA_ROAD_E,TOTAL,KTOE,FI	3802.279 	3952.210 	3948.825 	3870.967 	3900.058 	3824.813 	3826.650 	3908.743 	3912.741 	3946.543 	3881.974 	3656.435 
FC_TRA_ROAD_E,TOTAL,KTOE,FR	41167.568 	41228.807 	42193.986 	42064.886 	41766.178 	42141.318 	42573.025 	42727.980 	43007.829 	42029.960 	42012.798 	35965.718 
FC_TRA_ROAD_E,TOTAL,KTOE,GE	: 	: 	: 	: 	1001.427 	1136.766 	1251.192 	1406.256 	1260.412 	1199.828 	1224.460 	1165.087 
FC_TRA_ROAD_E,TOTAL,KTOE,HR	1957.905 	1881.471 	1844.694 	1810.504 	1829.922 	1805.792 	1905.624 	1951.276 	2099.925 	2048.839 	2136.431 	1886.168 
FC_TRA_ROAD_E,TOTAL,KTOE,HU	4314.068 	3910.626 	3620.930 	3503.876 	3270.663 	3679.851 	4005.372 	4075.400 	4288.451 	4571.067 	4851.071 	4268.690 
FC_TRA_ROAD_E,TOTAL,KTOE,IE	3998.367 	3749.509 	3574.891 	3492.866 	3555.731 	3700.750 	3763.094 	3946.533 	3908.628 	3942.573 	3967.327 	3321.290 
FC_TRA_ROAD_E,TOTAL,KTOE,IS	282.521 	265.979 	263.447 	259.721 	265.778 	258.610 	283.571 	311.244 	329.523 	341.475 	333.932 	292.582 
FC_TRA_ROAD_E,TOTAL,KTOE,IT	36285.208 	35747.013 	35677.834 	33581.250 	32854.965 	34272.600 	33608.665 	32964.272 	31654.020 	32805.798 	33140.240 	26982.899 
FC_TRA_ROAD_E,TOTAL,KTOE,LT	1375.084 	1402.550 	1390.932 	1407.114 	1409.024 	1566.770 	1661.038 	1775.885 	1862.857 	1982.878 	2059.423 	2038.536 
FC_TRA_ROAD_E,TOTAL,KTOE,LU	2046.738 	2161.322 	2292.545 	2191.760 	2150.819 	2071.519 	1942.797 	1891.809 	1950.893 	2084.647 	2136.823 	1653.631 
FC_TRA_ROAD_E,TOTAL,KTOE,LV	956.331 	1006.325 	877.731 	837.091 	852.373 	901.329 	959.984 	965.202 	1015.048 	1041.169 	1045.384 	1010.064 
FC_TRA_ROAD_E,TOTAL,KTOE,MD	: 	556.402 	594.676 	517.593 	552.689 	579.972 	629.872 	656.270 	661.664 	680.959 	700.080 	652.186 
FC_TRA_ROAD_E,TOTAL,KTOE,ME	206.896 	226.984 	209.899 	195.348 	156.449 	158.258 	181.865 	214.553 	233.779 	251.068 	263.905 	224.893 
FC_TRA_ROAD_E,TOTAL,KTOE,MK	428.315 	448.457 	469.759 	448.735 	510.195 	532.759 	592.909 	676.693 	702.525 	702.263 	758.669 	644.541 
FC_TRA_ROAD_E,TOTAL,KTOE,MT	159.191 	167.944 	165.844 	165.911 	171.363 	176.633 	186.405 	187.418 	193.407 	217.976 	228.547 	188.821 
FC_TRA_ROAD_E,TOTAL,KTOE,NL	11087.614 	11097.660 	11224.774 	10749.813 	10439.838 	9770.559 	9896.215 	9914.119 	10134.321 	10472.870 	10424.685 	8930.576 
FC_TRA_ROAD_E,TOTAL,KTOE,NO	3419.055 	3383.740 	3359.154 	3382.664 	3391.548 	3458.682 	3507.585 	3590.912 	3508.767 	3488.488 	3402.990 	3221.293 
FC_TRA_ROAD_E,TOTAL,KTOE,PL	15489.022 	16557.754 	16774.549 	16015.429 	14982.827 	15063.344 	15846.508 	17796.605 	20657.084 	21505.609 	21998.436 	21079.323 
FC_TRA_ROAD_E,TOTAL,KTOE,PT	6133.776 	6149.192 	5714.964 	5246.423 	5154.237 	5222.535 	5294.573 	5393.650 	5470.300 	5514.410 	5676.879 	4803.495 
FC_TRA_ROAD_E,TOTAL,KTOE,RO	4825.302 	4521.201 	4752.932 	4937.483 	4842.415 	5005.062 	5058.243 	5472.034 	5853.350 	6026.312 	6246.474 	6178.377 
FC_TRA_ROAD_E,TOTAL,KTOE,RS	2179.312 	2179.921 	1969.898 	1743.241 	1912.002 	1994.130 	1936.737 	1978.163 	2062.256 	2085.375 	2253.822 	2148.960 
FC_TRA_ROAD_E,TOTAL,KTOE,SE	6830.574 	6960.899 	6929.527 	6662.601 	6567.003 	6583.456 	6740.084 	6644.787 	6748.385 	6568.116 	6495.844 	6233.427 
FC_TRA_ROAD_E,TOTAL,KTOE,SI	1695.958 	1753.301 	1856.868 	1875.216 	1785.223 	1768.953 	1746.264 	1857.057 	1904.523 	1945.671 	1898.894 	1559.430 
FC_TRA_ROAD_E,TOTAL,KTOE,SK	1854.739 	2150.446 	2081.778 	2016.555 	2017.364 	2004.231 	1989.569 	2201.897 	2539.735 	2527.275 	2526.367 	2329.621 
FC_TRA_ROAD_E,TOTAL,KTOE,TR	13432.868 	13423.373 	13627.854 	16454.981 	18130.821 	18897.693 	22457.610 	24771.636 	26123.600 	26261.070 	26250.387 	25178.214 
FC_TRA_ROAD_E,TOTAL,KTOE,UA	8444.043 	8590.394 	8483.605 	8762.611 	8633.223 	7165.890 	6396.106 	7009.758 	7227.882 	7233.463 	7594.213 	6765.850 
FC_TRA_ROAD_E,TOTAL,KTOE,UK	38446.476 	37942.756 	37418.417 	37284.939 	37022.518 	37668.923 	38178.096 	39063.199 	39121.935 	38959.783 	38579.811 	: 
FC_TRA_ROAD_E,TOTAL,KTOE,XK	340.529 	318.620 	329.574 	332.459 	268.744 	342.981 	378.311 	393.908 	406.918 	426.364 	427.049 	420.823 
